"sample_id","site_name","site_number","latitude","longitude","p450","sod","condition_factor","avg_thickness","p450_outlier","sod_outlier","condition_factor_outlier","avg_thickness_outlier","pcb_group","reporting_area","latlong_group","geo_group","lat_range","long_range","label"
239,"Aiston Preserve",77,48.6793778,-122.6300583,2861653,0.01,0.1737,0.93,FALSE,FALSE,FALSE,FALSE,1,7,"3","3","48.02 - 48.82","-122.77 - -122.29","Group 3
Lat: 48.02 - 48.82
Long: -122.77 - -122.29"
240,"Aiston Preserve",77,48.6793778,-122.6300583,4674882,8.871,0.1782,0.825,FALSE,FALSE,FALSE,FALSE,1,7,"3","3","48.02 - 48.82","-122.77 - -122.29","Group 3
Lat: 48.02 - 48.82
Long: -122.77 - -122.29"
241,"Aiston Preserve",77,48.6793778,-122.6300583,1508156,4.877,0.1374,0.79,FALSE,FALSE,FALSE,FALSE,1,7,"3","3","48.02 - 48.82","-122.77 - -122.29","Group 3
Lat: 48.02 - 48.82
Long: -122.77 - -122.29"
242,"Aiston Preserve",77,48.6793778,-122.6300583,5965780,0.0025,0.156,0.7,FALSE,FALSE,FALSE,FALSE,1,7,"3","3","48.02 - 48.82","-122.77 - -122.29","Group 3
Lat: 48.02 - 48.82
Long: -122.77 - -122.29"
281,"Arroyo Beach",13,47.50161,-122.38593,6485447,0.635,0.1959,0.965,FALSE,FALSE,FALSE,FALSE,2,11,"2","2","47.5 - 47.97","-122.83 - -122.23","Group 2
Lat: 47.5 - 47.97
Long: -122.83 - -122.23"
282,"Arroyo Beach",13,47.50161,-122.38593,3563340,11.884,0.1937,0.86,FALSE,FALSE,FALSE,FALSE,2,11,"2","2","47.5 - 47.97","-122.83 - -122.23","Group 2
Lat: 47.5 - 47.97
Long: -122.83 - -122.23"
283,"Arroyo Beach",13,47.50161,-122.38593,1813227,18.105,0.2017,0.955,FALSE,FALSE,FALSE,FALSE,2,11,"2","2","47.5 - 47.97","-122.83 - -122.23","Group 2
Lat: 47.5 - 47.97
Long: -122.83 - -122.23"
284,"Arroyo Beach",13,47.50161,-122.38593,3448794,7.084,0.1866,0.92,FALSE,FALSE,FALSE,FALSE,2,11,"2","2","47.5 - 47.97","-122.83 - -122.23","Group 2
Lat: 47.5 - 47.97
Long: -122.83 - -122.23"
285,"Arroyo Beach",13,47.50161,-122.38593,9587219,0.0025,0.1628,0.645,FALSE,FALSE,FALSE,FALSE,2,11,"2","2","47.5 - 47.97","-122.83 - -122.23","Group 2
Lat: 47.5 - 47.97
Long: -122.83 - -122.23"
286,"Arroyo Beach",13,47.50161,-122.38593,1987132,15.285,0.1136,0.875,FALSE,FALSE,FALSE,FALSE,2,11,"2","2","47.5 - 47.97","-122.83 - -122.23","Group 2
Lat: 47.5 - 47.97
Long: -122.83 - -122.23"
149,"Blair Waterway",41,47.27568,-122.4173,3631858,9.377,0.2066,0.71,FALSE,FALSE,FALSE,FALSE,2,11,"1","1","47.19 - 47.45","-122.64 - -122.33","Group 1
Lat: 47.19 - 47.45
Long: -122.64 - -122.33"
150,"Blair Waterway",41,47.27568,-122.4173,5411649,6.432,0.1731,0.68,FALSE,FALSE,FALSE,FALSE,2,11,"1","1","47.19 - 47.45","-122.64 - -122.33","Group 1
Lat: 47.19 - 47.45
Long: -122.64 - -122.33"
151,"Blair Waterway",41,47.27568,-122.4173,6052641,9.59,0.1902,1.075,FALSE,FALSE,FALSE,FALSE,2,11,"1","1","47.19 - 47.45","-122.64 - -122.33","Group 1
Lat: 47.19 - 47.45
Long: -122.64 - -122.33"
152,"Blair Waterway",41,47.27568,-122.4173,4422422,0.672,0.1921,0.89,FALSE,FALSE,FALSE,FALSE,2,11,"1","1","47.19 - 47.45","-122.64 - -122.33","Group 1
Lat: 47.19 - 47.45
Long: -122.64 - -122.33"
141,"Blair Waterway #2",42,47.2632444,-122.385731,3885225,26.424,0.1293,0.745,FALSE,FALSE,FALSE,FALSE,2,11,"1","1","47.19 - 47.45","-122.64 - -122.33","Group 1
Lat: 47.19 - 47.45
Long: -122.64 - -122.33"
142,"Blair Waterway #2",42,47.2632444,-122.385731,4998033,1.269,0.1409,0.815,FALSE,FALSE,FALSE,FALSE,2,11,"1","1","47.19 - 47.45","-122.64 - -122.33","Group 1
Lat: 47.19 - 47.45
Long: -122.64 - -122.33"
143,"Blair Waterway #2",42,47.2632444,-122.385731,2469960,12.854,0.1541,0.97,FALSE,FALSE,FALSE,FALSE,2,11,"1","1","47.19 - 47.45","-122.64 - -122.33","Group 1
Lat: 47.19 - 47.45
Long: -122.64 - -122.33"
144,"Blair Waterway #2",42,47.2632444,-122.385731,3506452,2.637,0.1604,0.9,FALSE,FALSE,FALSE,FALSE,2,11,"1","1","47.19 - 47.45","-122.64 - -122.33","Group 1
Lat: 47.19 - 47.45
Long: -122.64 - -122.33"
96,"Brackenwood Ln",23,47.68234,-122.5064,2212557,15.989,0.1732,0.625,FALSE,FALSE,FALSE,FALSE,1,10,"2","2","47.5 - 47.97","-122.83 - -122.23","Group 2
Lat: 47.5 - 47.97
Long: -122.83 - -122.23"
97,"Brackenwood Ln",23,47.68234,-122.5064,2162299,0.144,0.21,0.755,FALSE,FALSE,FALSE,FALSE,1,10,"2","2","47.5 - 47.97","-122.83 - -122.23","Group 2
Lat: 47.5 - 47.97
Long: -122.83 - -122.23"
98,"Brackenwood Ln",23,47.68234,-122.5064,1269238,0.0025,0.1901,0.555,FALSE,FALSE,FALSE,FALSE,1,10,"2","2","47.5 - 47.97","-122.83 - -122.23","Group 2
Lat: 47.5 - 47.97
Long: -122.83 - -122.23"
99,"Brackenwood Ln",23,47.68234,-122.5064,1783953,23.205,0.2078,0.75,FALSE,FALSE,FALSE,FALSE,1,10,"2","2","47.5 - 47.97","-122.83 - -122.23","Group 2
Lat: 47.5 - 47.97
Long: -122.83 - -122.23"
269,"Broad Spit (Fisherman's Point)",30,47.78184,-122.83474,1266317,0.897,0.1206,0.645,FALSE,FALSE,FALSE,FALSE,1,12,"2","2","47.5 - 47.97","-122.83 - -122.23","Group 2
Lat: 47.5 - 47.97
Long: -122.83 - -122.23"
270,"Broad Spit (Fisherman's Point)",30,47.78184,-122.83474,1780096,10.875,0.1735,0.56,FALSE,FALSE,FALSE,FALSE,1,12,"2","2","47.5 - 47.97","-122.83 - -122.23","Group 2
Lat: 47.5 - 47.97
Long: -122.83 - -122.23"
271,"Broad Spit (Fisherman's Point)",30,47.78184,-122.83474,1386547,9.277,0.2064,0.66,FALSE,FALSE,FALSE,FALSE,1,12,"2","2","47.5 - 47.97","-122.83 - -122.23","Group 2
Lat: 47.5 - 47.97
Long: -122.83 - -122.23"
272,"Broad Spit (Fisherman's Point)",30,47.78184,-122.83474,4813963,7.416,0.194,0.79,FALSE,FALSE,FALSE,FALSE,1,12,"2","2","47.5 - 47.97","-122.83 - -122.23","Group 2
Lat: 47.5 - 47.97
Long: -122.83 - -122.23"
194,"Browns Point Lighthouse",54,47.30515,-122.44441,2165448,0.0025,0.1794,0.84,FALSE,FALSE,FALSE,FALSE,2,11,"1","1","47.19 - 47.45","-122.64 - -122.33","Group 1
Lat: 47.19 - 47.45
Long: -122.64 - -122.33"
195,"Browns Point Lighthouse",54,47.30515,-122.44441,9793068,1.51,0.1766,0.8,FALSE,FALSE,FALSE,FALSE,2,11,"1","1","47.19 - 47.45","-122.64 - -122.33","Group 1
Lat: 47.19 - 47.45
Long: -122.64 - -122.33"
196,"Browns Point Lighthouse",54,47.30515,-122.44441,7655768,2.472,0.2028,0.82,FALSE,FALSE,FALSE,FALSE,2,11,"1","1","47.19 - 47.45","-122.64 - -122.33","Group 1
Lat: 47.19 - 47.45
Long: -122.64 - -122.33"
197,"Browns Point Lighthouse",54,47.30515,-122.44441,9992165,1.531,0.2024,0.935,FALSE,FALSE,FALSE,FALSE,2,11,"1","1","47.19 - 47.45","-122.64 - -122.33","Group 1
Lat: 47.19 - 47.45
Long: -122.64 - -122.33"
214,"Cap Sante",64,48.520971,-122.600717,3480344,133.268,0.1538,0.6,FALSE,TRUE,FALSE,FALSE,1,7,"3","3","48.02 - 48.82","-122.77 - -122.29","Group 3
Lat: 48.02 - 48.82
Long: -122.77 - -122.29"
215,"Cap Sante",64,48.520971,-122.600717,1293754,14.371,0.1248,0.955,FALSE,FALSE,FALSE,FALSE,1,7,"3","3","48.02 - 48.82","-122.77 - -122.29","Group 3
Lat: 48.02 - 48.82
Long: -122.77 - -122.29"
216,"Cap Sante",64,48.520971,-122.600717,4083185,4.895,0.1538,0.725,FALSE,FALSE,FALSE,FALSE,1,7,"3","3","48.02 - 48.82","-122.77 - -122.29","Group 3
Lat: 48.02 - 48.82
Long: -122.77 - -122.29"
217,"Cap Sante",64,48.520971,-122.600717,6057021,11.947,0.1329,0.88,FALSE,FALSE,FALSE,FALSE,1,7,"3","3","48.02 - 48.82","-122.77 - -122.29","Group 3
Lat: 48.02 - 48.82
Long: -122.77 - -122.29"
127,"Chambers Bay Park",56,47.1905742,-122.5834897,4935346,15.598,0.1616,0.885,FALSE,FALSE,FALSE,FALSE,2,13,"1","1","47.19 - 47.45","-122.64 - -122.33","Group 1
Lat: 47.19 - 47.45
Long: -122.64 - -122.33"
128,"Chambers Bay Park",56,47.1905742,-122.5834897,4420012,0.0025,0.1829,1.26,FALSE,FALSE,FALSE,TRUE,2,13,"1","1","47.19 - 47.45","-122.64 - -122.33","Group 1
Lat: 47.19 - 47.45
Long: -122.64 - -122.33"
129,"Chambers Bay Park",56,47.1905742,-122.5834897,3856796,14.492,0.1084,1,FALSE,FALSE,FALSE,FALSE,2,13,"1","1","47.19 - 47.45","-122.64 - -122.33","Group 1
Lat: 47.19 - 47.45
Long: -122.64 - -122.33"
130,"Chambers Bay Park",56,47.1905742,-122.5834897,4797197,8.659,0.149,1.08,FALSE,FALSE,FALSE,FALSE,2,13,"1","1","47.19 - 47.45","-122.64 - -122.33","Group 1
Lat: 47.19 - 47.45
Long: -122.64 - -122.33"
33,"Cherry Point Aquatic Reserve, Conoco Phillips",75,48.8208,-122.7101,4058856,5.642,0.1424,0.705,FALSE,FALSE,FALSE,FALSE,1,7,"3","3","48.02 - 48.82","-122.77 - -122.29","Group 3
Lat: 48.02 - 48.82
Long: -122.77 - -122.29"
34,"Cherry Point Aquatic Reserve, Conoco Phillips",75,48.8208,-122.7101,2991933,9.761,0.121,0.86,FALSE,FALSE,FALSE,FALSE,1,7,"3","3","48.02 - 48.82","-122.77 - -122.29","Group 3
Lat: 48.02 - 48.82
Long: -122.77 - -122.29"
35,"Cherry Point Aquatic Reserve, Conoco Phillips",75,48.8208,-122.7101,3977493,1.005,0.1979,0.935,FALSE,FALSE,FALSE,FALSE,1,7,"3","3","48.02 - 48.82","-122.77 - -122.29","Group 3
Lat: 48.02 - 48.82
Long: -122.77 - -122.29"
36,"Cherry Point Aquatic Reserve, Conoco Phillips",75,48.8208,-122.7101,3836553,1.463,0.1543,0.975,FALSE,FALSE,FALSE,FALSE,1,7,"3","3","48.02 - 48.82","-122.77 - -122.29","Group 3
Lat: 48.02 - 48.82
Long: -122.77 - -122.29"
100,"Chimacum Creek delta",8,48.04906,-122.7724,3089178,2.177,0.1726,1.045,FALSE,FALSE,FALSE,FALSE,1,9,"3","3","48.02 - 48.82","-122.77 - -122.29","Group 3
Lat: 48.02 - 48.82
Long: -122.77 - -122.29"
101,"Chimacum Creek delta",8,48.04906,-122.7724,2742180,0.0025,0.1643,0.995,FALSE,FALSE,FALSE,FALSE,1,9,"3","3","48.02 - 48.82","-122.77 - -122.29","Group 3
Lat: 48.02 - 48.82
Long: -122.77 - -122.29"
102,"Chimacum Creek delta",8,48.04906,-122.7724,1783000,2.837,0.1266,0.75,FALSE,FALSE,FALSE,FALSE,1,9,"3","3","48.02 - 48.82","-122.77 - -122.29","Group 3
Lat: 48.02 - 48.82
Long: -122.77 - -122.29"
103,"Chimacum Creek delta",8,48.04906,-122.7724,2951937,3.757,0.2014,0.825,FALSE,FALSE,FALSE,FALSE,1,9,"3","3","48.02 - 48.82","-122.77 - -122.29","Group 3
Lat: 48.02 - 48.82
Long: -122.77 - -122.29"
25,"Chuckanut, Clark's Point",74,48.68975,-122.50434,1063470,25.619,0.1595,0.65,FALSE,FALSE,FALSE,FALSE,1,7,"3","3","48.02 - 48.82","-122.77 - -122.29","Group 3
Lat: 48.02 - 48.82
Long: -122.77 - -122.29"
26,"Chuckanut, Clark's Point",74,48.68975,-122.50434,4424850,2.988,0.203,0.985,FALSE,FALSE,FALSE,FALSE,1,7,"3","3","48.02 - 48.82","-122.77 - -122.29","Group 3
Lat: 48.02 - 48.82
Long: -122.77 - -122.29"
27,"Chuckanut, Clark's Point",74,48.68975,-122.50434,3385205,8.472,0.1942,0.8,FALSE,FALSE,FALSE,FALSE,1,7,"3","3","48.02 - 48.82","-122.77 - -122.29","Group 3
Lat: 48.02 - 48.82
Long: -122.77 - -122.29"
28,"Chuckanut, Clark's Point",74,48.68975,-122.50434,3153370,13.731,0.1482,0.475,FALSE,FALSE,FALSE,FALSE,1,7,"3","3","48.02 - 48.82","-122.77 - -122.29","Group 3
Lat: 48.02 - 48.82
Long: -122.77 - -122.29"
37,"Comm Bay Skookum",45,47.29,-122.41,3873418,17.324,0.1513,0.66,FALSE,FALSE,FALSE,FALSE,4,11,"1","1","47.19 - 47.45","-122.64 - -122.33","Group 1
Lat: 47.19 - 47.45
Long: -122.64 - -122.33"
38,"Comm Bay Skookum",45,47.29,-122.41,6222187,4.194,0.1561,0.8,FALSE,FALSE,FALSE,FALSE,4,11,"1","1","47.19 - 47.45","-122.64 - -122.33","Group 1
Lat: 47.19 - 47.45
Long: -122.64 - -122.33"
39,"Comm Bay Skookum",45,47.29,-122.41,6882929,7.19,0.1637,0.695,FALSE,FALSE,FALSE,FALSE,4,11,"1","1","47.19 - 47.45","-122.64 - -122.33","Group 1
Lat: 47.19 - 47.45
Long: -122.64 - -122.33"
40,"Comm Bay Skookum",45,47.29,-122.41,4654335,6.966,0.1433,0.865,FALSE,FALSE,FALSE,FALSE,4,11,"1","1","47.19 - 47.45","-122.64 - -122.33","Group 1
Lat: 47.19 - 47.45
Long: -122.64 - -122.33"
114,"Comm Bay, Dick Gilmur Launch",48,47.292549,-122.412175,3873418,118.683,0.1738,0.635,FALSE,TRUE,FALSE,FALSE,4,11,"1","1","47.19 - 47.45","-122.64 - -122.33","Group 1
Lat: 47.19 - 47.45
Long: -122.64 - -122.33"
115,"Comm Bay, Dick Gilmur Launch",48,47.292549,-122.412175,4982158,22.927,0.2043,0.93,FALSE,FALSE,FALSE,FALSE,4,11,"1","1","47.19 - 47.45","-122.64 - -122.33","Group 1
Lat: 47.19 - 47.45
Long: -122.64 - -122.33"
116,"Comm Bay, Dick Gilmur Launch",48,47.292549,-122.412175,4040973,14.762,0.1568,0.87,FALSE,FALSE,FALSE,FALSE,4,11,"1","1","47.19 - 47.45","-122.64 - -122.33","Group 1
Lat: 47.19 - 47.45
Long: -122.64 - -122.33"
117,"Comm Bay, Dick Gilmur Launch",48,47.292549,-122.412175,2353073,8.819,0.2117,0.895,FALSE,FALSE,FALSE,FALSE,4,11,"1","1","47.19 - 47.45","-122.64 - -122.33","Group 1
Lat: 47.19 - 47.45
Long: -122.64 - -122.33"
157,"Comm Bay, Milwaukee Waterway",49,47.2694,-122.4243,15260103,16.268,0.1666,0.955,TRUE,FALSE,FALSE,FALSE,3,11,"1","1","47.19 - 47.45","-122.64 - -122.33","Group 1
Lat: 47.19 - 47.45
Long: -122.64 - -122.33"
158,"Comm Bay, Milwaukee Waterway",49,47.2694,-122.4243,4517486,5.02,0.1901,0.82,FALSE,FALSE,FALSE,FALSE,3,11,"1","1","47.19 - 47.45","-122.64 - -122.33","Group 1
Lat: 47.19 - 47.45
Long: -122.64 - -122.33"
159,"Comm Bay, Milwaukee Waterway",49,47.2694,-122.4243,3705987,5.768,0.154,0.75,FALSE,FALSE,FALSE,FALSE,3,11,"1","1","47.19 - 47.45","-122.64 - -122.33","Group 1
Lat: 47.19 - 47.45
Long: -122.64 - -122.33"
160,"Comm Bay, Milwaukee Waterway",49,47.2694,-122.4243,8193639,4.93,0.1521,0.75,FALSE,FALSE,FALSE,FALSE,3,11,"1","1","47.19 - 47.45","-122.64 - -122.33","Group 1
Lat: 47.19 - 47.45
Long: -122.64 - -122.33"
161,"Comm Bay, Milwaukee Waterway",49,47.2694,-122.4243,6366494,0.0025,0.1402,0.83,FALSE,FALSE,FALSE,FALSE,3,11,"1","1","47.19 - 47.45","-122.64 - -122.33","Group 1
Lat: 47.19 - 47.45
Long: -122.64 - -122.33"
1,"Des Moines Marina",21,47.40301418,-122.3305538,3868923,5.064,0.1502,0.945,FALSE,FALSE,FALSE,FALSE,2,11,"1","1","47.19 - 47.45","-122.64 - -122.33","Group 1
Lat: 47.19 - 47.45
Long: -122.64 - -122.33"
2,"Des Moines Marina",21,47.40301418,-122.3305538,5679312,4.027,0.1618,0.88,FALSE,FALSE,FALSE,FALSE,2,11,"1","1","47.19 - 47.45","-122.64 - -122.33","Group 1
Lat: 47.19 - 47.45
Long: -122.64 - -122.33"
3,"Des Moines Marina",21,47.40301418,-122.3305538,6097784,4.41,0.1739,1.145,FALSE,FALSE,FALSE,FALSE,2,11,"1","1","47.19 - 47.45","-122.64 - -122.33","Group 1
Lat: 47.19 - 47.45
Long: -122.64 - -122.33"
4,"Des Moines Marina",21,47.40301418,-122.3305538,3899451,25.058,0.1578,1.01,FALSE,FALSE,FALSE,FALSE,2,11,"1","1","47.19 - 47.45","-122.64 - -122.33","Group 1
Lat: 47.19 - 47.45
Long: -122.64 - -122.33"
162,"Discovery Bay",12,48.064957,-122.857524,5775686,1.485,0.1874,0.805,FALSE,FALSE,FALSE,FALSE,1,6,"5","5","48.02 - 48.69","-123.46 - -122.86","Group 5
Lat: 48.02 - 48.69
Long: -123.46 - -122.86"
163,"Discovery Bay",12,48.064957,-122.857524,5437003,17.512,0.1633,0.745,FALSE,FALSE,FALSE,FALSE,1,6,"5","5","48.02 - 48.69","-123.46 - -122.86","Group 5
Lat: 48.02 - 48.69
Long: -123.46 - -122.86"
164,"Discovery Bay",12,48.064957,-122.857524,1513923,15.957,0.2133,0.75,FALSE,FALSE,FALSE,FALSE,1,6,"5","5","48.02 - 48.69","-123.46 - -122.86","Group 5
Lat: 48.02 - 48.69
Long: -123.46 - -122.86"
165,"Discovery Bay",12,48.064957,-122.857524,3392978,0.0025,0.2095,0.875,FALSE,FALSE,FALSE,FALSE,1,6,"5","5","48.02 - 48.69","-123.46 - -122.86","Group 5
Lat: 48.02 - 48.69
Long: -123.46 - -122.86"
265,"Donkey Creek Delta",44,47.33775,-122.59014,2345153,0.0025,0.1687,0.635,FALSE,FALSE,FALSE,FALSE,4,11,"1","1","47.19 - 47.45","-122.64 - -122.33","Group 1
Lat: 47.19 - 47.45
Long: -122.64 - -122.33"
266,"Donkey Creek Delta",44,47.33775,-122.59014,4311572,0.189,0.1865,0.755,FALSE,FALSE,FALSE,FALSE,4,11,"1","1","47.19 - 47.45","-122.64 - -122.33","Group 1
Lat: 47.19 - 47.45
Long: -122.64 - -122.33"
267,"Donkey Creek Delta",44,47.33775,-122.59014,2003071,6.206,0.1815,0.695,FALSE,FALSE,FALSE,FALSE,4,11,"1","1","47.19 - 47.45","-122.64 - -122.33","Group 1
Lat: 47.19 - 47.45
Long: -122.64 - -122.33"
268,"Donkey Creek Delta",44,47.33775,-122.59014,4080904,3.605,0.1846,0.85,FALSE,FALSE,FALSE,FALSE,4,11,"1","1","47.19 - 47.45","-122.64 - -122.33","Group 1
Lat: 47.19 - 47.45
Long: -122.64 - -122.33"
57,"Eagle Harbor Dr",31,47.61889,-122.5275,1556940,58.783,0.1738,0.825,FALSE,TRUE,FALSE,FALSE,4,10,"2","2","47.5 - 47.97","-122.83 - -122.23","Group 2
Lat: 47.5 - 47.97
Long: -122.83 - -122.23"
58,"Eagle Harbor Dr",31,47.61889,-122.5275,2870476,27.272,0.1738,0.815,FALSE,FALSE,FALSE,FALSE,4,10,"2","2","47.5 - 47.97","-122.83 - -122.23","Group 2
Lat: 47.5 - 47.97
Long: -122.83 - -122.23"
59,"Eagle Harbor Dr",31,47.61889,-122.5275,939029,2.07,0.1738,0.91,FALSE,FALSE,FALSE,FALSE,4,10,"2","2","47.5 - 47.97","-122.83 - -122.23","Group 2
Lat: 47.5 - 47.97
Long: -122.83 - -122.23"
60,"Eagle Harbor Dr",31,47.61889,-122.5275,2018358,12.545,0.1738,1.02,FALSE,FALSE,FALSE,FALSE,4,10,"2","2","47.5 - 47.97","-122.83 - -122.23","Group 2
Lat: 47.5 - 47.97
Long: -122.83 - -122.23"
49,"Eastsound, Fishing Bay",60,48.69368,-122.90985,3011817,0.0025,0.1583,0.355,FALSE,FALSE,FALSE,TRUE,1,7,"5","5","48.02 - 48.69","-123.46 - -122.86","Group 5
Lat: 48.02 - 48.69
Long: -123.46 - -122.86"
50,"Eastsound, Fishing Bay",60,48.69368,-122.90985,582761,13.708,0.1392,0.405,FALSE,FALSE,FALSE,FALSE,1,7,"5","5","48.02 - 48.69","-123.46 - -122.86","Group 5
Lat: 48.02 - 48.69
Long: -123.46 - -122.86"
51,"Eastsound, Fishing Bay",60,48.69368,-122.90985,5287826,25.449,0.1427,0.58,FALSE,FALSE,FALSE,FALSE,1,7,"5","5","48.02 - 48.69","-123.46 - -122.86","Group 5
Lat: 48.02 - 48.69
Long: -123.46 - -122.86"
52,"Eastsound, Fishing Bay",60,48.69368,-122.90985,1134272,8.685,0.1503,0.52,FALSE,FALSE,FALSE,FALSE,1,7,"5","5","48.02 - 48.69","-123.46 - -122.86","Group 5
Lat: 48.02 - 48.69
Long: -123.46 - -122.86"
227,"Edmonds Ferry",69,47.81407,-122.3825,5845804,0.0025,0.2114,0.82,FALSE,FALSE,FALSE,FALSE,2,9,"2","2","47.5 - 47.97","-122.83 - -122.23","Group 2
Lat: 47.5 - 47.97
Long: -122.83 - -122.23"
228,"Edmonds Ferry",69,47.81407,-122.3825,3992468,0.0025,0.1718,0.39,FALSE,FALSE,FALSE,FALSE,2,9,"2","2","47.5 - 47.97","-122.83 - -122.23","Group 2
Lat: 47.5 - 47.97
Long: -122.83 - -122.23"
229,"Edmonds Ferry",69,47.81407,-122.3825,6928220,0.818,0.1738,0.885,FALSE,FALSE,FALSE,FALSE,2,9,"2","2","47.5 - 47.97","-122.83 - -122.23","Group 2
Lat: 47.5 - 47.97
Long: -122.83 - -122.23"
230,"Edmonds Ferry",69,47.81407,-122.3825,2077255,0.0025,0.1654,0.665,FALSE,FALSE,FALSE,FALSE,2,9,"2","2","47.5 - 47.97","-122.83 - -122.23","Group 2
Lat: 47.5 - 47.97
Long: -122.83 - -122.23"
21,"Edmonds Marina",68,47.8111,-122.388,2444905,13.708,0.157,0.645,FALSE,FALSE,FALSE,FALSE,2,9,"2","2","47.5 - 47.97","-122.83 - -122.23","Group 2
Lat: 47.5 - 47.97
Long: -122.83 - -122.23"
22,"Edmonds Marina",68,47.8111,-122.388,3150477,7.034,0.1524,0.665,FALSE,FALSE,FALSE,FALSE,2,9,"2","2","47.5 - 47.97","-122.83 - -122.23","Group 2
Lat: 47.5 - 47.97
Long: -122.83 - -122.23"
23,"Edmonds Marina",68,47.8111,-122.388,6702376,11.402,0.1807,0.885,FALSE,FALSE,FALSE,FALSE,2,9,"2","2","47.5 - 47.97","-122.83 - -122.23","Group 2
Lat: 47.5 - 47.97
Long: -122.83 - -122.23"
24,"Edmonds Marina",68,47.8111,-122.388,52717198,34.355,0.1594,0.865,TRUE,TRUE,FALSE,FALSE,2,9,"2","2","47.5 - 47.97","-122.83 - -122.23","Group 2
Lat: 47.5 - 47.97
Long: -122.83 - -122.23"
186,"Eld Inlet",72,47.074603,-123.003527,5090553,10.464,0.1966,0.63,FALSE,FALSE,FALSE,FALSE,1,13,"4","4","47.05 - 47.57","-123 - -122.67","Group 4
Lat: 47.05 - 47.57
Long: -123 - -122.67"
187,"Eld Inlet",72,47.074603,-123.003527,1226696,35.599,0.1662,0.62,FALSE,TRUE,FALSE,FALSE,1,13,"4","4","47.05 - 47.57","-123 - -122.67","Group 4
Lat: 47.05 - 47.57
Long: -123 - -122.67"
188,"Eld Inlet",72,47.074603,-123.003527,6522867,14.268,0.244,0.835,FALSE,FALSE,FALSE,FALSE,1,13,"4","4","47.05 - 47.57","-123 - -122.67","Group 4
Lat: 47.05 - 47.57
Long: -123 - -122.67"
189,"Eld Inlet",72,47.074603,-123.003527,5739407,22.833,0.2346,0.745,FALSE,FALSE,FALSE,FALSE,1,13,"4","4","47.05 - 47.57","-123 - -122.67","Group 4
Lat: 47.05 - 47.57
Long: -123 - -122.67"
69,"Elliot Bay Myrtle Edwards",19,47.61862,-122.36108,2881838,44.994,0.238,0.94,FALSE,TRUE,FALSE,FALSE,5,10,"2","2","47.5 - 47.97","-122.83 - -122.23","Group 2
Lat: 47.5 - 47.97
Long: -122.83 - -122.23"
70,"Elliot Bay Myrtle Edwards",19,47.61862,-122.36108,1975307,39.159,0.1925,0.89,FALSE,TRUE,FALSE,FALSE,5,10,"2","2","47.5 - 47.97","-122.83 - -122.23","Group 2
Lat: 47.5 - 47.97
Long: -122.83 - -122.23"
71,"Elliot Bay Myrtle Edwards",19,47.61862,-122.36108,2362670,41.449,0.1572,0.74,FALSE,TRUE,FALSE,FALSE,5,10,"2","2","47.5 - 47.97","-122.83 - -122.23","Group 2
Lat: 47.5 - 47.97
Long: -122.83 - -122.23"
72,"Elliot Bay Myrtle Edwards",19,47.61862,-122.36108,3125326,28.087,0.1533,0.615,FALSE,FALSE,FALSE,FALSE,5,10,"2","2","47.5 - 47.97","-122.83 - -122.23","Group 2
Lat: 47.5 - 47.97
Long: -122.83 - -122.23"
73,"Elliot Bay Myrtle Edwards",19,47.61862,-122.36108,2002597,20.437,0.2002,0.935,FALSE,FALSE,FALSE,FALSE,5,10,"2","2","47.5 - 47.97","-122.83 - -122.23","Group 2
Lat: 47.5 - 47.97
Long: -122.83 - -122.23"
29,"Elliott Bay, Harbor Island, Pier 17",14,47.58766,-122.35065,6892889,1.487,0.1464,0.785,FALSE,FALSE,FALSE,FALSE,5,10,"2","2","47.5 - 47.97","-122.83 - -122.23","Group 2
Lat: 47.5 - 47.97
Long: -122.83 - -122.23"
30,"Elliott Bay, Harbor Island, Pier 17",14,47.58766,-122.35065,12192291,6.551,0.1443,0.66,TRUE,FALSE,FALSE,FALSE,5,10,"2","2","47.5 - 47.97","-122.83 - -122.23","Group 2
Lat: 47.5 - 47.97
Long: -122.83 - -122.23"
31,"Elliott Bay, Harbor Island, Pier 17",14,47.58766,-122.35065,8571444,13.24,0.1696,1.04,FALSE,FALSE,FALSE,FALSE,5,10,"2","2","47.5 - 47.97","-122.83 - -122.23","Group 2
Lat: 47.5 - 47.97
Long: -122.83 - -122.23"
32,"Elliott Bay, Harbor Island, Pier 17",14,47.58766,-122.35065,9119663,0.975,0.1887,0.94,FALSE,FALSE,FALSE,FALSE,5,10,"2","2","47.5 - 47.97","-122.83 - -122.23","Group 2
Lat: 47.5 - 47.97
Long: -122.83 - -122.23"
206,"Everett Harbor",66,47.9726,-122.22977,6420811,0.0025,0.1313,0.865,FALSE,FALSE,FALSE,FALSE,2,8.2,"2","2","47.5 - 47.97","-122.83 - -122.23","Group 2
Lat: 47.5 - 47.97
Long: -122.83 - -122.23"
207,"Everett Harbor",66,47.9726,-122.22977,5318907,0.0025,0.1688,0.885,FALSE,FALSE,FALSE,FALSE,2,8.2,"2","2","47.5 - 47.97","-122.83 - -122.23","Group 2
Lat: 47.5 - 47.97
Long: -122.83 - -122.23"
208,"Everett Harbor",66,47.9726,-122.22977,6149521,1.496,0.1466,0.675,FALSE,FALSE,FALSE,FALSE,2,8.2,"2","2","47.5 - 47.97","-122.83 - -122.23","Group 2
Lat: 47.5 - 47.97
Long: -122.83 - -122.23"
209,"Everett Harbor",66,47.9726,-122.22977,3196587,0.0025,0.1355,0.68,FALSE,FALSE,FALSE,FALSE,2,8.2,"2","2","47.5 - 47.97","-122.83 - -122.23","Group 2
Lat: 47.5 - 47.97
Long: -122.83 - -122.23"
61,"Fidalgo Bay Aq Reserve, Weaverling Spit",63,48.482448,-122.583879,3873418,5.992,0.1738,0.73,FALSE,FALSE,FALSE,FALSE,1,7,"3","3","48.02 - 48.82","-122.77 - -122.29","Group 3
Lat: 48.02 - 48.82
Long: -122.77 - -122.29"
62,"Fidalgo Bay Aq Reserve, Weaverling Spit",63,48.482448,-122.583879,4034245,17.031,0.1738,0.825,FALSE,FALSE,FALSE,FALSE,1,7,"3","3","48.02 - 48.82","-122.77 - -122.29","Group 3
Lat: 48.02 - 48.82
Long: -122.77 - -122.29"
63,"Fidalgo Bay Aq Reserve, Weaverling Spit",63,48.482448,-122.583879,1669995,22.316,0.1738,0.755,FALSE,FALSE,FALSE,FALSE,1,7,"3","3","48.02 - 48.82","-122.77 - -122.29","Group 3
Lat: 48.02 - 48.82
Long: -122.77 - -122.29"
64,"Fidalgo Bay Aq Reserve, Weaverling Spit",63,48.482448,-122.583879,4332608,26.721,0.1738,0.74,FALSE,FALSE,FALSE,FALSE,1,7,"3","3","48.02 - 48.82","-122.77 - -122.29","Group 3
Lat: 48.02 - 48.82
Long: -122.77 - -122.29"
174,"Filucy Bay",59,47.19483,-122.748665,6728961,2.006,0.1855,0.815,FALSE,FALSE,FALSE,FALSE,2,13,"4","4","47.05 - 47.57","-123 - -122.67","Group 4
Lat: 47.05 - 47.57
Long: -123 - -122.67"
175,"Filucy Bay",59,47.19483,-122.748665,6630611,0.0025,0.1058,0.795,FALSE,FALSE,FALSE,FALSE,2,13,"4","4","47.05 - 47.57","-123 - -122.67","Group 4
Lat: 47.05 - 47.57
Long: -123 - -122.67"
176,"Filucy Bay",59,47.19483,-122.748665,3656052,19.012,0.2005,1.055,FALSE,FALSE,FALSE,FALSE,2,13,"4","4","47.05 - 47.57","-123 - -122.67","Group 4
Lat: 47.05 - 47.57
Long: -123 - -122.67"
177,"Filucy Bay",59,47.19483,-122.748665,8044535,0.232,0.1453,0.76,FALSE,FALSE,FALSE,FALSE,2,13,"4","4","47.05 - 47.57","-123 - -122.67","Group 4
Lat: 47.05 - 47.57
Long: -123 - -122.67"
222,"Friday Harbor",61,48.5069444,-123.0194444,3660262,2.297,0.0909,0.735,FALSE,FALSE,TRUE,FALSE,1,7,"5","5","48.02 - 48.69","-123.46 - -122.86","Group 5
Lat: 48.02 - 48.69
Long: -123.46 - -122.86"
223,"Friday Harbor",61,48.5069444,-123.0194444,2728430,0.0025,0.1626,0.895,FALSE,FALSE,FALSE,FALSE,1,7,"5","5","48.02 - 48.69","-123.46 - -122.86","Group 5
Lat: 48.02 - 48.69
Long: -123.46 - -122.86"
224,"Friday Harbor",61,48.5069444,-123.0194444,2977245,12.311,0.1507,0.625,FALSE,FALSE,FALSE,FALSE,1,7,"5","5","48.02 - 48.69","-123.46 - -122.86","Group 5
Lat: 48.02 - 48.69
Long: -123.46 - -122.86"
225,"Friday Harbor",61,48.5069444,-123.0194444,6464229,0.0025,0.18,0.845,FALSE,FALSE,FALSE,FALSE,1,7,"5","5","48.02 - 48.69","-123.46 - -122.86","Group 5
Lat: 48.02 - 48.69
Long: -123.46 - -122.86"
226,"Friday Harbor",61,48.5069444,-123.0194444,3941050,18.935,0.143,0.65,FALSE,FALSE,FALSE,FALSE,1,7,"5","5","48.02 - 48.69","-123.46 - -122.86","Group 5
Lat: 48.02 - 48.69
Long: -123.46 - -122.86"
131,"Gig Harbor Boat Launch",58,47.33785,-122.58277,5823222,5.435,0.1675,0.89,FALSE,FALSE,FALSE,FALSE,3,11,"1","1","47.19 - 47.45","-122.64 - -122.33","Group 1
Lat: 47.19 - 47.45
Long: -122.64 - -122.33"
132,"Gig Harbor Boat Launch",58,47.33785,-122.58277,1906238,0.0025,0.1699,1.1,FALSE,FALSE,FALSE,FALSE,3,11,"1","1","47.19 - 47.45","-122.64 - -122.33","Group 1
Lat: 47.19 - 47.45
Long: -122.64 - -122.33"
133,"Gig Harbor Boat Launch",58,47.33785,-122.58277,2932222,9.944,0.1413,0.845,FALSE,FALSE,FALSE,FALSE,3,11,"1","1","47.19 - 47.45","-122.64 - -122.33","Group 1
Lat: 47.19 - 47.45
Long: -122.64 - -122.33"
134,"Gig Harbor Boat Launch",58,47.33785,-122.58277,5726357,14.656,0.1383,1.025,FALSE,FALSE,FALSE,FALSE,3,11,"1","1","47.19 - 47.45","-122.64 - -122.33","Group 1
Lat: 47.19 - 47.45
Long: -122.64 - -122.33"
104,"Hood Canal Holly",29,47.5706,-122.9717,3873418,9.83,0.182,0.69,FALSE,FALSE,FALSE,FALSE,1,12,"4","4","47.05 - 47.57","-123 - -122.67","Group 4
Lat: 47.05 - 47.57
Long: -123 - -122.67"
105,"Hood Canal Holly",29,47.5706,-122.9717,3873418,0.0025,0.1717,0.725,FALSE,FALSE,FALSE,FALSE,1,12,"4","4","47.05 - 47.57","-123 - -122.67","Group 4
Lat: 47.05 - 47.57
Long: -123 - -122.67"
106,"Hood Canal Holly",29,47.5706,-122.9717,380110,0.0025,0.1992,0.685,FALSE,FALSE,FALSE,FALSE,1,12,"4","4","47.05 - 47.57","-123 - -122.67","Group 4
Lat: 47.05 - 47.57
Long: -123 - -122.67"
107,"Hood Canal Holly",29,47.5706,-122.9717,291641,0.0025,0.2059,0.755,FALSE,FALSE,FALSE,FALSE,1,12,"4","4","47.05 - 47.57","-123 - -122.67","Group 4
Lat: 47.05 - 47.57
Long: -123 - -122.67"
108,"Hood Canal Holly",29,47.5706,-122.9717,1693665,0.0025,0.1956,0.575,FALSE,FALSE,FALSE,FALSE,1,12,"4","4","47.05 - 47.57","-123 - -122.67","Group 4
Lat: 47.05 - 47.57
Long: -123 - -122.67"
109,"Hood Canal Holly",29,47.5706,-122.9717,3873418,0.0025,0.1868,0.63,FALSE,FALSE,FALSE,FALSE,1,12,"4","4","47.05 - 47.57","-123 - -122.67","Group 4
Lat: 47.05 - 47.57
Long: -123 - -122.67"
82,"Jamestown",2,48.024789,-122.998135,2974772,27.353,0.1693,0.58,FALSE,FALSE,FALSE,FALSE,2,6,"5","5","48.02 - 48.69","-123.46 - -122.86","Group 5
Lat: 48.02 - 48.69
Long: -123.46 - -122.86"
83,"Jamestown",2,48.024789,-122.998135,5366142,39.581,0.1877,0.615,FALSE,TRUE,FALSE,FALSE,2,6,"5","5","48.02 - 48.69","-123.46 - -122.86","Group 5
Lat: 48.02 - 48.69
Long: -123.46 - -122.86"
84,"Jamestown",2,48.024789,-122.998135,2235746,25.844,0.147,0.545,FALSE,FALSE,FALSE,FALSE,2,6,"5","5","48.02 - 48.69","-123.46 - -122.86","Group 5
Lat: 48.02 - 48.69
Long: -123.46 - -122.86"
85,"Jamestown",2,48.024789,-122.998135,3343459,20.453,0.1769,0.45,FALSE,FALSE,FALSE,FALSE,2,6,"5","5","48.02 - 48.69","-123.46 - -122.86","Group 5
Lat: 48.02 - 48.69
Long: -123.46 - -122.86"
86,"Jamestown",2,48.024789,-122.998135,2786163,15.582,0.1462,0.61,FALSE,FALSE,FALSE,FALSE,2,6,"5","5","48.02 - 48.69","-123.46 - -122.86","Group 5
Lat: 48.02 - 48.69
Long: -123.46 - -122.86"
87,"Jamestown",2,48.024789,-122.998135,2874808,18.111,0.2162,0.64,FALSE,FALSE,FALSE,FALSE,2,6,"5","5","48.02 - 48.69","-123.46 - -122.86","Group 5
Lat: 48.02 - 48.69
Long: -123.46 - -122.86"
166,"Kingston Marina",36,47.794695,-122.499858,4667834,3.94,0.1712,0.875,FALSE,FALSE,FALSE,FALSE,2,10,"2","2","47.5 - 47.97","-122.83 - -122.23","Group 2
Lat: 47.5 - 47.97
Long: -122.83 - -122.23"
167,"Kingston Marina",36,47.794695,-122.499858,2529572,4.546,0.1922,0.815,FALSE,FALSE,FALSE,FALSE,2,10,"2","2","47.5 - 47.97","-122.83 - -122.23","Group 2
Lat: 47.5 - 47.97
Long: -122.83 - -122.23"
168,"Kingston Marina",36,47.794695,-122.499858,5982158,7.722,0.1684,0.845,FALSE,FALSE,FALSE,FALSE,2,10,"2","2","47.5 - 47.97","-122.83 - -122.23","Group 2
Lat: 47.5 - 47.97
Long: -122.83 - -122.23"
169,"Kingston Marina",36,47.794695,-122.499858,7944848,0.048,0.1303,0.71,FALSE,FALSE,FALSE,FALSE,2,10,"2","2","47.5 - 47.97","-122.83 - -122.23","Group 2
Lat: 47.5 - 47.97
Long: -122.83 - -122.23"
53,"Kitsap St Boat Launch",25,47.54167,-122.64034,5858996,35.436,0.1738,0.87,FALSE,TRUE,FALSE,FALSE,5,10,"2","2","47.5 - 47.97","-122.83 - -122.23","Group 2
Lat: 47.5 - 47.97
Long: -122.83 - -122.23"
54,"Kitsap St Boat Launch",25,47.54167,-122.64034,3524590,2.056,0.1738,0.805,FALSE,FALSE,FALSE,FALSE,5,10,"2","2","47.5 - 47.97","-122.83 - -122.23","Group 2
Lat: 47.5 - 47.97
Long: -122.83 - -122.23"
55,"Kitsap St Boat Launch",25,47.54167,-122.64034,990580,72.981,0.1738,0.8,FALSE,TRUE,FALSE,FALSE,5,10,"2","2","47.5 - 47.97","-122.83 - -122.23","Group 2
Lat: 47.5 - 47.97
Long: -122.83 - -122.23"
56,"Kitsap St Boat Launch",25,47.54167,-122.64034,1166004,12.507,0.1738,0.855,FALSE,FALSE,FALSE,FALSE,5,10,"2","2","47.5 - 47.97","-122.83 - -122.23","Group 2
Lat: 47.5 - 47.97
Long: -122.83 - -122.23"
249,"Kopachuck State Park",52,47.30973,-122.68868,8355096,4.823,1.5799,0.86,FALSE,FALSE,TRUE,FALSE,1,13,"4","4","47.05 - 47.57","-123 - -122.67","Group 4
Lat: 47.05 - 47.57
Long: -123 - -122.67"
250,"Kopachuck State Park",52,47.30973,-122.68868,2558683,9.21,0.1407,0.69,FALSE,FALSE,FALSE,FALSE,1,13,"4","4","47.05 - 47.57","-123 - -122.67","Group 4
Lat: 47.05 - 47.57
Long: -123 - -122.67"
251,"Kopachuck State Park",52,47.30973,-122.68868,9888442,4.096,0.1619,0.77,FALSE,FALSE,FALSE,FALSE,1,13,"4","4","47.05 - 47.57","-123 - -122.67","Group 4
Lat: 47.05 - 47.57
Long: -123 - -122.67"
253,"Kopachuck State Park",52,47.30973,-122.68868,8338308,0.775,0.2201,0.79,FALSE,FALSE,FALSE,FALSE,1,13,"4","4","47.05 - 47.57","-123 - -122.67","Group 4
Lat: 47.05 - 47.57
Long: -123 - -122.67"
299,"Lions Park",37,47.5833538,-122.6414587,6089843,13.836,0.1424,0.785,FALSE,FALSE,FALSE,FALSE,3,10,"2","2","47.5 - 47.97","-122.83 - -122.23","Group 2
Lat: 47.5 - 47.97
Long: -122.83 - -122.23"
300,"Lions Park",37,47.5833538,-122.6414587,8920913,6.1,0.1797,0.66,FALSE,FALSE,FALSE,FALSE,3,10,"2","2","47.5 - 47.97","-122.83 - -122.23","Group 2
Lat: 47.5 - 47.97
Long: -122.83 - -122.23"
301,"Lions Park",37,47.5833538,-122.6414587,8605549,31.368,0.1435,0.75,FALSE,FALSE,FALSE,FALSE,3,10,"2","2","47.5 - 47.97","-122.83 - -122.23","Group 2
Lat: 47.5 - 47.97
Long: -122.83 - -122.23"
302,"Lions Park",37,47.5833538,-122.6414587,2556710,7.869,0.1266,0.805,FALSE,FALSE,FALSE,FALSE,3,10,"2","2","47.5 - 47.97","-122.83 - -122.23","Group 2
Lat: 47.5 - 47.97
Long: -122.83 - -122.23"
235,"Locust Beach",76,48.77636877,-122.5378679,2139153,7.076,0.1728,0.6,FALSE,FALSE,FALSE,FALSE,1,7,"3","3","48.02 - 48.82","-122.77 - -122.29","Group 3
Lat: 48.02 - 48.82
Long: -122.77 - -122.29"
236,"Locust Beach",76,48.77636877,-122.5378679,1911632,10.204,0.1222,0.665,FALSE,FALSE,FALSE,FALSE,1,7,"3","3","48.02 - 48.82","-122.77 - -122.29","Group 3
Lat: 48.02 - 48.82
Long: -122.77 - -122.29"
237,"Locust Beach",76,48.77636877,-122.5378679,3303872,2.108,0.1811,0.745,FALSE,FALSE,FALSE,FALSE,1,7,"3","3","48.02 - 48.82","-122.77 - -122.29","Group 3
Lat: 48.02 - 48.82
Long: -122.77 - -122.29"
238,"Locust Beach",76,48.77636877,-122.5378679,2252655,2.218,0.2022,0.74,FALSE,FALSE,FALSE,FALSE,1,7,"3","3","48.02 - 48.82","-122.77 - -122.29","Group 3
Lat: 48.02 - 48.82
Long: -122.77 - -122.29"
153,"Madrona Pont",28,47.57995505,-122.6786,6651025,2.069,0.1249,0.785,FALSE,FALSE,FALSE,FALSE,3,10,"2","2","47.5 - 47.97","-122.83 - -122.23","Group 2
Lat: 47.5 - 47.97
Long: -122.83 - -122.23"
154,"Madrona Pont",28,47.57995505,-122.6786,6373497,8.315,0.1702,0.71,FALSE,FALSE,FALSE,FALSE,3,10,"2","2","47.5 - 47.97","-122.83 - -122.23","Group 2
Lat: 47.5 - 47.97
Long: -122.83 - -122.23"
155,"Madrona Pont",28,47.57995505,-122.6786,3417364,2.369,0.1286,0.72,FALSE,FALSE,FALSE,FALSE,3,10,"2","2","47.5 - 47.97","-122.83 - -122.23","Group 2
Lat: 47.5 - 47.97
Long: -122.83 - -122.23"
156,"Madrona Pont",28,47.57995505,-122.6786,6776918,2.733,0.1988,1.005,FALSE,FALSE,FALSE,FALSE,3,10,"2","2","47.5 - 47.97","-122.83 - -122.23","Group 2
Lat: 47.5 - 47.97
Long: -122.83 - -122.23"
261,"Manchester, Stormwater Outfall",33,47.55622,-122.54281,2700803,0.0025,0.1894,0.645,FALSE,FALSE,FALSE,FALSE,2,10,"2","2","47.5 - 47.97","-122.83 - -122.23","Group 2
Lat: 47.5 - 47.97
Long: -122.83 - -122.23"
262,"Manchester, Stormwater Outfall",33,47.55622,-122.54281,12583522,2.13,0.2221,0.61,TRUE,FALSE,FALSE,FALSE,2,10,"2","2","47.5 - 47.97","-122.83 - -122.23","Group 2
Lat: 47.5 - 47.97
Long: -122.83 - -122.23"
263,"Manchester, Stormwater Outfall",33,47.55622,-122.54281,4548390,3.682,0.199,0.57,FALSE,FALSE,FALSE,FALSE,2,10,"2","2","47.5 - 47.97","-122.83 - -122.23","Group 2
Lat: 47.5 - 47.97
Long: -122.83 - -122.23"
264,"Manchester, Stormwater Outfall",33,47.55622,-122.54281,4658604,4.915,0.1848,0.6,FALSE,FALSE,FALSE,FALSE,2,10,"2","2","47.5 - 47.97","-122.83 - -122.23","Group 2
Lat: 47.5 - 47.97
Long: -122.83 - -122.23"
202,"Maple Hollow Park",51,47.30008,-122.74566,4528128,3.694,0.1456,0.665,FALSE,FALSE,FALSE,FALSE,2,13,"4","4","47.05 - 47.57","-123 - -122.67","Group 4
Lat: 47.05 - 47.57
Long: -123 - -122.67"
203,"Maple Hollow Park",51,47.30008,-122.74566,5079449,0.0025,0.1974,0.8,FALSE,FALSE,FALSE,FALSE,2,13,"4","4","47.05 - 47.57","-123 - -122.67","Group 4
Lat: 47.05 - 47.57
Long: -123 - -122.67"
204,"Maple Hollow Park",51,47.30008,-122.74566,1311133,0.0025,0.1939,0.735,FALSE,FALSE,FALSE,FALSE,2,13,"4","4","47.05 - 47.57","-123 - -122.67","Group 4
Lat: 47.05 - 47.57
Long: -123 - -122.67"
205,"Maple Hollow Park",51,47.30008,-122.74566,3873418,14.787,0.1996,0.9,FALSE,FALSE,FALSE,FALSE,2,13,"4","4","47.05 - 47.57","-123 - -122.67","Group 4
Lat: 47.05 - 47.57
Long: -123 - -122.67"
307,"Maristone Island",11,48.018127,-122.699524,11966241,4.949,0.1358,0.695,TRUE,FALSE,FALSE,FALSE,1,9,"3","3","48.02 - 48.82","-122.77 - -122.29","Group 3
Lat: 48.02 - 48.82
Long: -122.77 - -122.29"
308,"Maristone Island",11,48.018127,-122.699524,2150285,12.992,0.1875,0.61,FALSE,FALSE,FALSE,FALSE,1,9,"3","3","48.02 - 48.82","-122.77 - -122.29","Group 3
Lat: 48.02 - 48.82
Long: -122.77 - -122.29"
309,"Maristone Island",11,48.018127,-122.699524,5112018,0.0025,0.1787,0.9,FALSE,FALSE,FALSE,FALSE,1,9,"3","3","48.02 - 48.82","-122.77 - -122.29","Group 3
Lat: 48.02 - 48.82
Long: -122.77 - -122.29"
310,"Maristone Island",11,48.018127,-122.699524,2059689,8.389,0.2117,0.61,FALSE,FALSE,FALSE,FALSE,1,9,"3","3","48.02 - 48.82","-122.77 - -122.29","Group 3
Lat: 48.02 - 48.82
Long: -122.77 - -122.29"
311,"Maristone Island",11,48.018127,-122.699524,2318505,2.408,0.2405,0.675,FALSE,FALSE,FALSE,FALSE,1,9,"3","3","48.02 - 48.82","-122.77 - -122.29","Group 3
Lat: 48.02 - 48.82
Long: -122.77 - -122.29"
312,"Maristone Island",11,48.018127,-122.699524,5028627,5.332,0.1744,0.705,FALSE,FALSE,FALSE,FALSE,1,9,"3","3","48.02 - 48.82","-122.77 - -122.29","Group 3
Lat: 48.02 - 48.82
Long: -122.77 - -122.29"
65,"Meyer's Point - Henderson Inlet",71,47.11795,-122.83359,3237832,63.547,0.1738,0.855,FALSE,TRUE,FALSE,FALSE,3,13,"4","4","47.05 - 47.57","-123 - -122.67","Group 4
Lat: 47.05 - 47.57
Long: -123 - -122.67"
66,"Meyer's Point - Henderson Inlet",71,47.11795,-122.83359,3404367,17.331,0.1738,0.8,FALSE,FALSE,FALSE,FALSE,3,13,"4","4","47.05 - 47.57","-123 - -122.67","Group 4
Lat: 47.05 - 47.57
Long: -123 - -122.67"
67,"Meyer's Point - Henderson Inlet",71,47.11795,-122.83359,2281563,8.189,0.1738,0.965,FALSE,FALSE,FALSE,FALSE,3,13,"4","4","47.05 - 47.57","-123 - -122.67","Group 4
Lat: 47.05 - 47.57
Long: -123 - -122.67"
68,"Meyer's Point - Henderson Inlet",71,47.11795,-122.83359,1153344,6.983,0.1738,0.535,FALSE,FALSE,FALSE,FALSE,3,13,"4","4","47.05 - 47.57","-123 - -122.67","Group 4
Lat: 47.05 - 47.57
Long: -123 - -122.67"
231,"Miller Creek",20,47.4436,-122.360316,5994423,0.0025,0.1936,0.96,FALSE,FALSE,FALSE,FALSE,2,11,"1","1","47.19 - 47.45","-122.64 - -122.33","Group 1
Lat: 47.19 - 47.45
Long: -122.64 - -122.33"
232,"Miller Creek",20,47.4436,-122.360316,4130787,1.041,0.1985,0.745,FALSE,FALSE,FALSE,FALSE,2,11,"1","1","47.19 - 47.45","-122.64 - -122.33","Group 1
Lat: 47.19 - 47.45
Long: -122.64 - -122.33"
233,"Miller Creek",20,47.4436,-122.360316,5542261,7.704,0.1914,0.895,FALSE,FALSE,FALSE,FALSE,2,11,"1","1","47.19 - 47.45","-122.64 - -122.33","Group 1
Lat: 47.19 - 47.45
Long: -122.64 - -122.33"
234,"Miller Creek",20,47.4436,-122.360316,7321595,7.314,0.1737,0.685,FALSE,FALSE,FALSE,FALSE,2,11,"1","1","47.19 - 47.45","-122.64 - -122.33","Group 1
Lat: 47.19 - 47.45
Long: -122.64 - -122.33"
178,"Minter Bay",55,47.3539722,-122.69175,6263391,0.0025,0.1956,0.825,FALSE,FALSE,FALSE,FALSE,1,13,"4","4","47.05 - 47.57","-123 - -122.67","Group 4
Lat: 47.05 - 47.57
Long: -123 - -122.67"
179,"Minter Bay",55,47.3539722,-122.69175,4961205,3.468,0.175,0.95,FALSE,FALSE,FALSE,FALSE,1,13,"4","4","47.05 - 47.57","-123 - -122.67","Group 4
Lat: 47.05 - 47.57
Long: -123 - -122.67"
180,"Minter Bay",55,47.3539722,-122.69175,6536182,2.525,0.1595,1.095,FALSE,FALSE,FALSE,FALSE,1,13,"4","4","47.05 - 47.57","-123 - -122.67","Group 4
Lat: 47.05 - 47.57
Long: -123 - -122.67"
181,"Minter Bay",55,47.3539722,-122.69175,7066217,1.97,0.1665,0.8,FALSE,FALSE,FALSE,FALSE,1,13,"4","4","47.05 - 47.57","-123 - -122.67","Group 4
Lat: 47.05 - 47.57
Long: -123 - -122.67"
17,"Mukilteo",65,47.94968,-122.30158,7725177,7.613,0.1349,0.805,FALSE,FALSE,FALSE,FALSE,1,8.2,"2","2","47.5 - 47.97","-122.83 - -122.23","Group 2
Lat: 47.5 - 47.97
Long: -122.83 - -122.23"
18,"Mukilteo",65,47.94968,-122.30158,5159851,6.4,0.159,0.83,FALSE,FALSE,FALSE,FALSE,1,8.2,"2","2","47.5 - 47.97","-122.83 - -122.23","Group 2
Lat: 47.5 - 47.97
Long: -122.83 - -122.23"
19,"Mukilteo",65,47.94968,-122.30158,3877914,0.271,0.1615,0.855,FALSE,FALSE,FALSE,FALSE,1,8.2,"2","2","47.5 - 47.97","-122.83 - -122.23","Group 2
Lat: 47.5 - 47.97
Long: -122.83 - -122.23"
20,"Mukilteo",65,47.94968,-122.30158,3542349,16.142,0.1574,0.675,FALSE,FALSE,FALSE,FALSE,1,8.2,"2","2","47.5 - 47.97","-122.83 - -122.23","Group 2
Lat: 47.5 - 47.97
Long: -122.83 - -122.23"
210,"N Avenue Park",62,48.52108,-122.61531,4764132,0.064,0.1556,0.79,FALSE,FALSE,FALSE,FALSE,1,7,"3","3","48.02 - 48.82","-122.77 - -122.29","Group 3
Lat: 48.02 - 48.82
Long: -122.77 - -122.29"
211,"N Avenue Park",62,48.52108,-122.61531,3680347,0.016,0.2009,0.9,FALSE,FALSE,FALSE,FALSE,1,7,"3","3","48.02 - 48.82","-122.77 - -122.29","Group 3
Lat: 48.02 - 48.82
Long: -122.77 - -122.29"
212,"N Avenue Park",62,48.52108,-122.61531,4827148,5.692,0.1759,0.89,FALSE,FALSE,FALSE,FALSE,1,7,"3","3","48.02 - 48.82","-122.77 - -122.29","Group 3
Lat: 48.02 - 48.82
Long: -122.77 - -122.29"
213,"N Avenue Park",62,48.52108,-122.61531,3461581,0.0025,0.1962,0.71,FALSE,FALSE,FALSE,FALSE,1,7,"3","3","48.02 - 48.82","-122.77 - -122.29","Group 3
Lat: 48.02 - 48.82
Long: -122.77 - -122.29"
303,"North Camano",7,48.255358,-122.507014,3248979,0.0025,0.1484,0.745,FALSE,FALSE,FALSE,FALSE,1,8.1,"3","3","48.02 - 48.82","-122.77 - -122.29","Group 3
Lat: 48.02 - 48.82
Long: -122.77 - -122.29"
304,"North Camano",7,48.255358,-122.507014,8854036,0.0025,0.187,0.745,FALSE,FALSE,FALSE,FALSE,1,8.1,"3","3","48.02 - 48.82","-122.77 - -122.29","Group 3
Lat: 48.02 - 48.82
Long: -122.77 - -122.29"
305,"North Camano",7,48.255358,-122.507014,31917668,0.564,0.1916,0.725,TRUE,FALSE,FALSE,FALSE,1,8.1,"3","3","48.02 - 48.82","-122.77 - -122.29","Group 3
Lat: 48.02 - 48.82
Long: -122.77 - -122.29"
306,"North Camano",7,48.255358,-122.507014,5141401,2.438,0.1913,0.855,FALSE,FALSE,FALSE,FALSE,1,8.1,"3","3","48.02 - 48.82","-122.77 - -122.29","Group 3
Lat: 48.02 - 48.82
Long: -122.77 - -122.29"
88,"Oak Bay County Park",10,48.02218,-122.728709,2226326,12.533,0.1868,0.81,FALSE,FALSE,FALSE,FALSE,1,9,"3","3","48.02 - 48.82","-122.77 - -122.29","Group 3
Lat: 48.02 - 48.82
Long: -122.77 - -122.29"
89,"Oak Bay County Park",10,48.02218,-122.728709,3074754,11.485,0.2043,0.8,FALSE,FALSE,FALSE,FALSE,1,9,"3","3","48.02 - 48.82","-122.77 - -122.29","Group 3
Lat: 48.02 - 48.82
Long: -122.77 - -122.29"
90,"Oak Bay County Park",10,48.02218,-122.728709,2424855,51.729,0.1747,0.75,FALSE,TRUE,FALSE,FALSE,1,9,"3","3","48.02 - 48.82","-122.77 - -122.29","Group 3
Lat: 48.02 - 48.82
Long: -122.77 - -122.29"
91,"Oak Bay County Park",10,48.02218,-122.728709,1614645,3.484,0.132,0.735,FALSE,FALSE,FALSE,FALSE,1,9,"3","3","48.02 - 48.82","-122.77 - -122.29","Group 3
Lat: 48.02 - 48.82
Long: -122.77 - -122.29"
41,"Penn Cove Reference",3,48.21423,-122.718972,956176,29.84,0.2122,0.6,FALSE,FALSE,FALSE,FALSE,1,8.1,"3","3","48.02 - 48.82","-122.77 - -122.29","Group 3
Lat: 48.02 - 48.82
Long: -122.77 - -122.29"
42,"Penn Cove Reference",3,48.21423,-122.718972,3373010,8.875,0.1934,0.635,FALSE,FALSE,FALSE,FALSE,1,8.1,"3","3","48.02 - 48.82","-122.77 - -122.29","Group 3
Lat: 48.02 - 48.82
Long: -122.77 - -122.29"
43,"Penn Cove Reference",3,48.21423,-122.718972,2017393,22.233,0.1987,0.545,FALSE,FALSE,FALSE,FALSE,1,8.1,"3","3","48.02 - 48.82","-122.77 - -122.29","Group 3
Lat: 48.02 - 48.82
Long: -122.77 - -122.29"
44,"Penn Cove Reference",3,48.21423,-122.718972,3364046,34.492,0.1762,0.645,FALSE,TRUE,FALSE,FALSE,1,8.1,"3","3","48.02 - 48.82","-122.77 - -122.29","Group 3
Lat: 48.02 - 48.82
Long: -122.77 - -122.29"
9,"Pennrose Point State Park",50,47.2619,-122.7376,3607485,7.438,0.1659,0.855,FALSE,FALSE,FALSE,FALSE,2,13,"4","4","47.05 - 47.57","-123 - -122.67","Group 4
Lat: 47.05 - 47.57
Long: -123 - -122.67"
10,"Pennrose Point State Park",50,47.2619,-122.7376,2656342,2.9,0.1622,0.81,FALSE,FALSE,FALSE,FALSE,2,13,"4","4","47.05 - 47.57","-123 - -122.67","Group 4
Lat: 47.05 - 47.57
Long: -123 - -122.67"
11,"Pennrose Point State Park",50,47.2619,-122.7376,7518449,2.815,0.2569,0.955,FALSE,FALSE,TRUE,FALSE,2,13,"4","4","47.05 - 47.57","-123 - -122.67","Group 4
Lat: 47.05 - 47.57
Long: -123 - -122.67"
12,"Pennrose Point State Park",50,47.2619,-122.7376,2993202,4.845,0.1373,0.81,FALSE,FALSE,FALSE,FALSE,2,13,"4","4","47.05 - 47.57","-123 - -122.67","Group 4
Lat: 47.05 - 47.57
Long: -123 - -122.67"
110,"Point Defiance Ferry",43,47.3062,-122.5145,2209441,4.647,0.1763,0.79,FALSE,FALSE,FALSE,FALSE,3,11,"1","1","47.19 - 47.45","-122.64 - -122.33","Group 1
Lat: 47.19 - 47.45
Long: -122.64 - -122.33"
111,"Point Defiance Ferry",43,47.3062,-122.5145,1743980,24.677,0.181,0.79,FALSE,FALSE,FALSE,FALSE,3,11,"1","1","47.19 - 47.45","-122.64 - -122.33","Group 1
Lat: 47.19 - 47.45
Long: -122.64 - -122.33"
112,"Point Defiance Ferry",43,47.3062,-122.5145,2845932,3.17,0.1607,0.87,FALSE,FALSE,FALSE,FALSE,3,11,"1","1","47.19 - 47.45","-122.64 - -122.33","Group 1
Lat: 47.19 - 47.45
Long: -122.64 - -122.33"
113,"Point Defiance Ferry",43,47.3062,-122.5145,1928074,11.043,0.1864,0.905,FALSE,FALSE,FALSE,FALSE,3,11,"1","1","47.19 - 47.45","-122.64 - -122.33","Group 1
Lat: 47.19 - 47.45
Long: -122.64 - -122.33"
243,"Port Angeles Yacht Club",1,48.12823,-123.45715,12345151,0.0025,1.5211,0.99,TRUE,FALSE,TRUE,FALSE,3,6,"5","5","48.02 - 48.69","-123.46 - -122.86","Group 5
Lat: 48.02 - 48.69
Long: -123.46 - -122.86"
244,"Port Angeles Yacht Club",1,48.12823,-123.45715,2563791,1.758,1.5334,0.82,FALSE,FALSE,TRUE,FALSE,3,6,"5","5","48.02 - 48.69","-123.46 - -122.86","Group 5
Lat: 48.02 - 48.69
Long: -123.46 - -122.86"
245,"Port Angeles Yacht Club",1,48.12823,-123.45715,6806288,3.323,1.6048,0.64,FALSE,FALSE,TRUE,FALSE,3,6,"5","5","48.02 - 48.69","-123.46 - -122.86","Group 5
Lat: 48.02 - 48.69
Long: -123.46 - -122.86"
246,"Port Angeles Yacht Club",1,48.12823,-123.45715,4525700,24.332,1.5829,0.89,FALSE,FALSE,TRUE,FALSE,3,6,"5","5","48.02 - 48.69","-123.46 - -122.86","Group 5
Lat: 48.02 - 48.69
Long: -123.46 - -122.86"
247,"Port Angeles Yacht Club",1,48.12823,-123.45715,2848746,0.0025,1.6194,0.92,FALSE,FALSE,TRUE,FALSE,3,6,"5","5","48.02 - 48.69","-123.46 - -122.86","Group 5
Lat: 48.02 - 48.69
Long: -123.46 - -122.86"
248,"Port Angeles Yacht Club",1,48.12823,-123.45715,5418454,14.895,1.863,0.545,FALSE,FALSE,TRUE,FALSE,3,6,"5","5","48.02 - 48.69","-123.46 - -122.86","Group 5
Lat: 48.02 - 48.69
Long: -123.46 - -122.86"
145,"Purdy - Dexters",57,47.38566,-122.627255,6119860,0.0025,0.1627,0.805,FALSE,FALSE,FALSE,FALSE,2,13,"1","1","47.19 - 47.45","-122.64 - -122.33","Group 1
Lat: 47.19 - 47.45
Long: -122.64 - -122.33"
146,"Purdy - Dexters",57,47.38566,-122.627255,5329851,0.0025,0.143,0.88,FALSE,FALSE,FALSE,FALSE,2,13,"1","1","47.19 - 47.45","-122.64 - -122.33","Group 1
Lat: 47.19 - 47.45
Long: -122.64 - -122.33"
147,"Purdy - Dexters",57,47.38566,-122.627255,4051273,0.0025,0.1678,0.96,FALSE,FALSE,FALSE,FALSE,2,13,"1","1","47.19 - 47.45","-122.64 - -122.33","Group 1
Lat: 47.19 - 47.45
Long: -122.64 - -122.33"
148,"Purdy - Dexters",57,47.38566,-122.627255,3471329,7.036,0.1986,0.73,FALSE,FALSE,FALSE,FALSE,2,13,"1","1","47.19 - 47.45","-122.64 - -122.33","Group 1
Lat: 47.19 - 47.45
Long: -122.64 - -122.33"
74,"Purdy, Burley Lagoon",47,47.386977,-122.6367089,3562058,13.938,0.2331,1.195,FALSE,FALSE,FALSE,TRUE,2,13,"1","1","47.19 - 47.45","-122.64 - -122.33","Group 1
Lat: 47.19 - 47.45
Long: -122.64 - -122.33"
75,"Purdy, Burley Lagoon",47,47.386977,-122.6367089,4066301,15.797,0.126,0.705,FALSE,FALSE,FALSE,FALSE,2,13,"1","1","47.19 - 47.45","-122.64 - -122.33","Group 1
Lat: 47.19 - 47.45
Long: -122.64 - -122.33"
76,"Purdy, Burley Lagoon",47,47.386977,-122.6367089,1243643,9.53,0.1856,0.83,FALSE,FALSE,FALSE,FALSE,2,13,"1","1","47.19 - 47.45","-122.64 - -122.33","Group 1
Lat: 47.19 - 47.45
Long: -122.64 - -122.33"
77,"Purdy, Burley Lagoon",47,47.386977,-122.6367089,6878714,5.591,0.214,0.93,FALSE,FALSE,FALSE,FALSE,2,13,"1","1","47.19 - 47.45","-122.64 - -122.33","Group 1
Lat: 47.19 - 47.45
Long: -122.64 - -122.33"
218,"Raft Island Park",53,47.32598,-122.66724,1581168,1.226,0.1892,0.635,FALSE,FALSE,FALSE,FALSE,2,13,"4","4","47.05 - 47.57","-123 - -122.67","Group 4
Lat: 47.05 - 47.57
Long: -123 - -122.67"
219,"Raft Island Park",53,47.32598,-122.66724,6420643,0.0025,0.1806,0.58,FALSE,FALSE,FALSE,FALSE,2,13,"4","4","47.05 - 47.57","-123 - -122.67","Group 4
Lat: 47.05 - 47.57
Long: -123 - -122.67"
220,"Raft Island Park",53,47.32598,-122.66724,6767449,2.855,0.1358,0.595,FALSE,FALSE,FALSE,FALSE,2,13,"4","4","47.05 - 47.57","-123 - -122.67","Group 4
Lat: 47.05 - 47.57
Long: -123 - -122.67"
221,"Raft Island Park",53,47.32598,-122.66724,3322946,11.029,0.1783,0.805,FALSE,FALSE,FALSE,FALSE,2,13,"4","4","47.05 - 47.57","-123 - -122.67","Group 4
Lat: 47.05 - 47.57
Long: -123 - -122.67"
273,"Reach Island",39,47.346537,-122.82236,7178794,7.636,0.1414,0.655,FALSE,FALSE,FALSE,FALSE,1,13,"4","4","47.05 - 47.57","-123 - -122.67","Group 4
Lat: 47.05 - 47.57
Long: -123 - -122.67"
274,"Reach Island",39,47.346537,-122.82236,7550982,0.367,0.2169,0.85,FALSE,FALSE,FALSE,FALSE,1,13,"4","4","47.05 - 47.57","-123 - -122.67","Group 4
Lat: 47.05 - 47.57
Long: -123 - -122.67"
275,"Reach Island",39,47.346537,-122.82236,1945061,0.028,0.1631,0.765,FALSE,FALSE,FALSE,FALSE,1,13,"4","4","47.05 - 47.57","-123 - -122.67","Group 4
Lat: 47.05 - 47.57
Long: -123 - -122.67"
276,"Reach Island",39,47.346537,-122.82236,6947155,10.304,0.1532,0.81,FALSE,FALSE,FALSE,FALSE,1,13,"4","4","47.05 - 47.57","-123 - -122.67","Group 4
Lat: 47.05 - 47.57
Long: -123 - -122.67"
170,"Rich Passage",32,47.578117,-122.524833,1476511,3.506,0.1901,0.9,FALSE,FALSE,FALSE,FALSE,3,10,"2","2","47.5 - 47.97","-122.83 - -122.23","Group 2
Lat: 47.5 - 47.97
Long: -122.83 - -122.23"
171,"Rich Passage",32,47.578117,-122.524833,4087247,2.631,0.1489,0.83,FALSE,FALSE,FALSE,FALSE,3,10,"2","2","47.5 - 47.97","-122.83 - -122.23","Group 2
Lat: 47.5 - 47.97
Long: -122.83 - -122.23"
172,"Rich Passage",32,47.578117,-122.524833,3101248,0.844,0.1754,0.745,FALSE,FALSE,FALSE,FALSE,3,10,"2","2","47.5 - 47.97","-122.83 - -122.23","Group 2
Lat: 47.5 - 47.97
Long: -122.83 - -122.23"
173,"Rich Passage",32,47.578117,-122.524833,4147207,1.999,0.1494,0.765,FALSE,FALSE,FALSE,FALSE,3,10,"2","2","47.5 - 47.97","-122.83 - -122.23","Group 2
Lat: 47.5 - 47.97
Long: -122.83 - -122.23"
295,"Rocky Point",27,47.60255,-122.66992,3139278,2.605,0.1803,0.72,FALSE,FALSE,FALSE,FALSE,3,10,"2","2","47.5 - 47.97","-122.83 - -122.23","Group 2
Lat: 47.5 - 47.97
Long: -122.83 - -122.23"
296,"Rocky Point",27,47.60255,-122.66992,4297558,15.435,0.1736,0.695,FALSE,FALSE,FALSE,FALSE,3,10,"2","2","47.5 - 47.97","-122.83 - -122.23","Group 2
Lat: 47.5 - 47.97
Long: -122.83 - -122.23"
297,"Rocky Point",27,47.60255,-122.66992,1980727,7.396,0.1679,0.595,FALSE,FALSE,FALSE,FALSE,3,10,"2","2","47.5 - 47.97","-122.83 - -122.23","Group 2
Lat: 47.5 - 47.97
Long: -122.83 - -122.23"
298,"Rocky Point",27,47.60255,-122.66992,8616041,14.146,0.1909,0.745,FALSE,FALSE,FALSE,FALSE,3,10,"2","2","47.5 - 47.97","-122.83 - -122.23","Group 2
Lat: 47.5 - 47.97
Long: -122.83 - -122.23"
13,"S of Skunk Island",9,48.02667,-122.75076,5059896,7.334,0.1807,0.855,FALSE,FALSE,FALSE,FALSE,1,9,"3","3","48.02 - 48.82","-122.77 - -122.29","Group 3
Lat: 48.02 - 48.82
Long: -122.77 - -122.29"
14,"S of Skunk Island",9,48.02667,-122.75076,3719291,8.989,0.1522,0.815,FALSE,FALSE,FALSE,FALSE,1,9,"3","3","48.02 - 48.82","-122.77 - -122.29","Group 3
Lat: 48.02 - 48.82
Long: -122.77 - -122.29"
15,"S of Skunk Island",9,48.02667,-122.75076,4168799,0.978,0.1925,0.78,FALSE,FALSE,FALSE,FALSE,1,9,"3","3","48.02 - 48.82","-122.77 - -122.29","Group 3
Lat: 48.02 - 48.82
Long: -122.77 - -122.29"
16,"S of Skunk Island",9,48.02667,-122.75076,1279705,27.927,0.1627,0.695,FALSE,FALSE,FALSE,FALSE,1,9,"3","3","48.02 - 48.82","-122.77 - -122.29","Group 3
Lat: 48.02 - 48.82
Long: -122.77 - -122.29"
287,"Salmon Bay, Commodore Park",16,47.6663,-122.4018,5854695,0.0025,0.2051,0.67,FALSE,FALSE,FALSE,FALSE,5,10,"2","2","47.5 - 47.97","-122.83 - -122.23","Group 2
Lat: 47.5 - 47.97
Long: -122.83 - -122.23"
288,"Salmon Bay, Commodore Park",16,47.6663,-122.4018,2506610,4.592,0.1903,0.795,FALSE,FALSE,FALSE,FALSE,5,10,"2","2","47.5 - 47.97","-122.83 - -122.23","Group 2
Lat: 47.5 - 47.97
Long: -122.83 - -122.23"
289,"Salmon Bay, Commodore Park",16,47.6663,-122.4018,2016415,1.33,0.1859,0.725,FALSE,FALSE,FALSE,FALSE,5,10,"2","2","47.5 - 47.97","-122.83 - -122.23","Group 2
Lat: 47.5 - 47.97
Long: -122.83 - -122.23"
290,"Salmon Bay, Commodore Park",16,47.6663,-122.4018,4648754,0.0025,0.1873,0.64,FALSE,FALSE,FALSE,FALSE,5,10,"2","2","47.5 - 47.97","-122.83 - -122.23","Group 2
Lat: 47.5 - 47.97
Long: -122.83 - -122.23"
123,"Salmon Beach",40,47.29464,-122.53053,916811,0.0025,0.2061,0.935,FALSE,FALSE,FALSE,FALSE,2,11,"1","1","47.19 - 47.45","-122.64 - -122.33","Group 1
Lat: 47.19 - 47.45
Long: -122.64 - -122.33"
124,"Salmon Beach",40,47.29464,-122.53053,2352491,12.933,0.1415,0.685,FALSE,FALSE,FALSE,FALSE,2,11,"1","1","47.19 - 47.45","-122.64 - -122.33","Group 1
Lat: 47.19 - 47.45
Long: -122.64 - -122.33"
125,"Salmon Beach",40,47.29464,-122.53053,2963755,8.918,0.1457,0.8,FALSE,FALSE,FALSE,FALSE,2,11,"1","1","47.19 - 47.45","-122.64 - -122.33","Group 1
Lat: 47.19 - 47.45
Long: -122.64 - -122.33"
126,"Salmon Beach",40,47.29464,-122.53053,1383018,51.47,0.1489,1.035,FALSE,TRUE,FALSE,FALSE,2,11,"1","1","47.19 - 47.45","-122.64 - -122.33","Group 1
Lat: 47.19 - 47.45
Long: -122.64 - -122.33"
78,"Seattle Aquarium, Pier 59",17,47.607,-122.342,4956424,1.736,0.1834,0.905,FALSE,FALSE,FALSE,FALSE,5,10,"2","2","47.5 - 47.97","-122.83 - -122.23","Group 2
Lat: 47.5 - 47.97
Long: -122.83 - -122.23"
79,"Seattle Aquarium, Pier 59",17,47.607,-122.342,2711200,84.419,0.1453,0.755,FALSE,TRUE,FALSE,FALSE,5,10,"2","2","47.5 - 47.97","-122.83 - -122.23","Group 2
Lat: 47.5 - 47.97
Long: -122.83 - -122.23"
80,"Seattle Aquarium, Pier 59",17,47.607,-122.342,2381238,9.393,0.182,0.905,FALSE,FALSE,FALSE,FALSE,5,10,"2","2","47.5 - 47.97","-122.83 - -122.23","Group 2
Lat: 47.5 - 47.97
Long: -122.83 - -122.23"
81,"Seattle Aquarium, Pier 59",17,47.607,-122.342,2492074,0.0025,0.1944,0.805,FALSE,FALSE,FALSE,FALSE,5,10,"2","2","47.5 - 47.97","-122.83 - -122.23","Group 2
Lat: 47.5 - 47.97
Long: -122.83 - -122.23"
291,"Shilshole Bay",18,47.671678,-122.406663,4026125,0.854,0.1508,0.56,FALSE,FALSE,FALSE,FALSE,4,10,"2","2","47.5 - 47.97","-122.83 - -122.23","Group 2
Lat: 47.5 - 47.97
Long: -122.83 - -122.23"
292,"Shilshole Bay",18,47.671678,-122.406663,2842961,1.541,0.128,0.575,FALSE,FALSE,FALSE,FALSE,4,10,"2","2","47.5 - 47.97","-122.83 - -122.23","Group 2
Lat: 47.5 - 47.97
Long: -122.83 - -122.23"
293,"Shilshole Bay",18,47.671678,-122.406663,2013492,12.831,0.1539,0.515,FALSE,FALSE,FALSE,FALSE,4,10,"2","2","47.5 - 47.97","-122.83 - -122.23","Group 2
Lat: 47.5 - 47.97
Long: -122.83 - -122.23"
294,"Shilshole Bay",18,47.671678,-122.406663,2568717,24.401,0.1727,0.575,FALSE,FALSE,FALSE,FALSE,4,10,"2","2","47.5 - 47.97","-122.83 - -122.23","Group 2
Lat: 47.5 - 47.97
Long: -122.83 - -122.23"
45,"Silverdale, Dyes Inlet",35,47.6427936,-122.6967068,958833,8.638,0.2061,0.805,FALSE,FALSE,FALSE,FALSE,4,10,"2","2","47.5 - 47.97","-122.83 - -122.23","Group 2
Lat: 47.5 - 47.97
Long: -122.83 - -122.23"
46,"Silverdale, Dyes Inlet",35,47.6427936,-122.6967068,2088081,6.569,0.2057,0.65,FALSE,FALSE,FALSE,FALSE,4,10,"2","2","47.5 - 47.97","-122.83 - -122.23","Group 2
Lat: 47.5 - 47.97
Long: -122.83 - -122.23"
47,"Silverdale, Dyes Inlet",35,47.6427936,-122.6967068,1877700,15.572,0.1524,0.635,FALSE,FALSE,FALSE,FALSE,4,10,"2","2","47.5 - 47.97","-122.83 - -122.23","Group 2
Lat: 47.5 - 47.97
Long: -122.83 - -122.23"
48,"Silverdale, Dyes Inlet",35,47.6427936,-122.6967068,1683751,73.345,0.1752,0.66,FALSE,TRUE,FALSE,FALSE,4,10,"2","2","47.5 - 47.97","-122.83 - -122.23","Group 2
Lat: 47.5 - 47.97
Long: -122.83 - -122.23"
257,"Skiff Point",24,47.66142,-122.49884,1964479,9.362,0.1482,0.535,FALSE,FALSE,FALSE,FALSE,1,10,"2","2","47.5 - 47.97","-122.83 - -122.23","Group 2
Lat: 47.5 - 47.97
Long: -122.83 - -122.23"
258,"Skiff Point",24,47.66142,-122.49884,12721347,1.895,0.1941,0.49,TRUE,FALSE,FALSE,FALSE,1,10,"2","2","47.5 - 47.97","-122.83 - -122.23","Group 2
Lat: 47.5 - 47.97
Long: -122.83 - -122.23"
259,"Skiff Point",24,47.66142,-122.49884,2967756,3.933,0.1876,0.62,FALSE,FALSE,FALSE,FALSE,1,10,"2","2","47.5 - 47.97","-122.83 - -122.23","Group 2
Lat: 47.5 - 47.97
Long: -122.83 - -122.23"
260,"Skiff Point",24,47.66142,-122.49884,5002813,1.755,0.1732,0.59,FALSE,FALSE,FALSE,FALSE,1,10,"2","2","47.5 - 47.97","-122.83 - -122.23","Group 2
Lat: 47.5 - 47.97
Long: -122.83 - -122.23"
92,"Smith Cove, Terminal 91",15,47.63237,-122.37869,2166819,15.212,0.2297,0.81,FALSE,FALSE,FALSE,FALSE,6,10,"2","2","47.5 - 47.97","-122.83 - -122.23","Group 2
Lat: 47.5 - 47.97
Long: -122.83 - -122.23"
93,"Smith Cove, Terminal 91",15,47.63237,-122.37869,7732418,17.148,0.177,0.845,FALSE,FALSE,FALSE,FALSE,6,10,"2","2","47.5 - 47.97","-122.83 - -122.23","Group 2
Lat: 47.5 - 47.97
Long: -122.83 - -122.23"
94,"Smith Cove, Terminal 91",15,47.63237,-122.37869,1617973,10.002,0.1494,0.605,FALSE,FALSE,FALSE,FALSE,6,10,"2","2","47.5 - 47.97","-122.83 - -122.23","Group 2
Lat: 47.5 - 47.97
Long: -122.83 - -122.23"
95,"Smith Cove, Terminal 91",15,47.63237,-122.37869,4318486,36.283,0.1727,0.7,FALSE,TRUE,FALSE,FALSE,6,10,"2","2","47.5 - 47.97","-122.83 - -122.23","Group 2
Lat: 47.5 - 47.97
Long: -122.83 - -122.23"
198,"Squaxin Island",38,47.17650485,-122.9046464,6350828,0.0025,0.1824,0.85,FALSE,FALSE,FALSE,FALSE,1,13,"4","4","47.05 - 47.57","-123 - -122.67","Group 4
Lat: 47.05 - 47.57
Long: -123 - -122.67"
199,"Squaxin Island",38,47.17650485,-122.9046464,9006878,16.642,0.1731,0.955,FALSE,FALSE,FALSE,FALSE,1,13,"4","4","47.05 - 47.57","-123 - -122.67","Group 4
Lat: 47.05 - 47.57
Long: -123 - -122.67"
200,"Squaxin Island",38,47.17650485,-122.9046464,6605220,0.0025,0.182,0.925,FALSE,FALSE,FALSE,FALSE,1,13,"4","4","47.05 - 47.57","-123 - -122.67","Group 4
Lat: 47.05 - 47.57
Long: -123 - -122.67"
201,"Squaxin Island",38,47.17650485,-122.9046464,3512019,6.788,0.1595,0.695,FALSE,FALSE,FALSE,FALSE,1,13,"4","4","47.05 - 47.57","-123 - -122.67","Group 4
Lat: 47.05 - 47.57
Long: -123 - -122.67"
5,"Suquamish Stormwater Outfall",34,47.7296079,-122.5506191,4330102,14.39,0.189,0.985,FALSE,FALSE,FALSE,FALSE,3,10,"2","2","47.5 - 47.97","-122.83 - -122.23","Group 2
Lat: 47.5 - 47.97
Long: -122.83 - -122.23"
6,"Suquamish Stormwater Outfall",34,47.7296079,-122.5506191,5346329,0.512,0.1599,1.015,FALSE,FALSE,FALSE,FALSE,3,10,"2","2","47.5 - 47.97","-122.83 - -122.23","Group 2
Lat: 47.5 - 47.97
Long: -122.83 - -122.23"
7,"Suquamish Stormwater Outfall",34,47.7296079,-122.5506191,2044561,6.049,0.1882,1.065,FALSE,FALSE,FALSE,FALSE,3,10,"2","2","47.5 - 47.97","-122.83 - -122.23","Group 2
Lat: 47.5 - 47.97
Long: -122.83 - -122.23"
8,"Suquamish Stormwater Outfall",34,47.7296079,-122.5506191,5633230,2.326,0.1846,1.02,FALSE,FALSE,FALSE,FALSE,3,10,"2","2","47.5 - 47.97","-122.83 - -122.23","Group 2
Lat: 47.5 - 47.97
Long: -122.83 - -122.23"
118,"Thea Foss Waterway",46,47.259189,-122.434689,1010594,17.182,0.1605,0.87,FALSE,FALSE,FALSE,FALSE,3,11,"1","1","47.19 - 47.45","-122.64 - -122.33","Group 1
Lat: 47.19 - 47.45
Long: -122.64 - -122.33"
119,"Thea Foss Waterway",46,47.259189,-122.434689,1453659,13.402,0.1773,0.89,FALSE,FALSE,FALSE,FALSE,3,11,"1","1","47.19 - 47.45","-122.64 - -122.33","Group 1
Lat: 47.19 - 47.45
Long: -122.64 - -122.33"
120,"Thea Foss Waterway",46,47.259189,-122.434689,2434731,13.817,0.1598,0.925,FALSE,FALSE,FALSE,FALSE,3,11,"1","1","47.19 - 47.45","-122.64 - -122.33","Group 1
Lat: 47.19 - 47.45
Long: -122.64 - -122.33"
121,"Thea Foss Waterway",46,47.259189,-122.434689,3873418,48.798,0.1982,0.95,FALSE,TRUE,FALSE,FALSE,3,11,"1","1","47.19 - 47.45","-122.64 - -122.33","Group 1
Lat: 47.19 - 47.45
Long: -122.64 - -122.33"
122,"Thea Foss Waterway",46,47.259189,-122.434689,8793166,0.255,0.043,0.85,FALSE,FALSE,TRUE,FALSE,3,11,"1","1","47.19 - 47.45","-122.64 - -122.33","Group 1
Lat: 47.19 - 47.45
Long: -122.64 - -122.33"
277,"Three Tree Point",22,47.44896,-122.372267,8434870,0.0025,0.188,0.73,FALSE,FALSE,FALSE,FALSE,2,11,"1","1","47.19 - 47.45","-122.64 - -122.33","Group 1
Lat: 47.19 - 47.45
Long: -122.64 - -122.33"
278,"Three Tree Point",22,47.44896,-122.372267,9703015,8.998,0.2196,0.765,FALSE,FALSE,FALSE,FALSE,2,11,"1","1","47.19 - 47.45","-122.64 - -122.33","Group 1
Lat: 47.19 - 47.45
Long: -122.64 - -122.33"
279,"Three Tree Point",22,47.44896,-122.372267,4665257,19.803,0.2095,0.955,FALSE,FALSE,FALSE,FALSE,2,11,"1","1","47.19 - 47.45","-122.64 - -122.33","Group 1
Lat: 47.19 - 47.45
Long: -122.64 - -122.33"
280,"Three Tree Point",22,47.44896,-122.372267,6864899,3.697,0.2166,0.8,FALSE,FALSE,FALSE,FALSE,2,11,"1","1","47.19 - 47.45","-122.64 - -122.33","Group 1
Lat: 47.19 - 47.45
Long: -122.64 - -122.33"
135,"Tulalip Bay",67,48.0617,-122.2939,5545198,20.048,0.1732,0.875,FALSE,FALSE,FALSE,FALSE,2,8.2,"3","3","48.02 - 48.82","-122.77 - -122.29","Group 3
Lat: 48.02 - 48.82
Long: -122.77 - -122.29"
136,"Tulalip Bay",67,48.0617,-122.2939,3670556,0.135,0.1597,0.945,FALSE,FALSE,FALSE,FALSE,2,8.2,"3","3","48.02 - 48.82","-122.77 - -122.29","Group 3
Lat: 48.02 - 48.82
Long: -122.77 - -122.29"
137,"Tulalip Bay",67,48.0617,-122.2939,7831524,9.075,0.1946,0.855,FALSE,FALSE,FALSE,FALSE,2,8.2,"3","3","48.02 - 48.82","-122.77 - -122.29","Group 3
Lat: 48.02 - 48.82
Long: -122.77 - -122.29"
138,"Tulalip Bay",67,48.0617,-122.2939,5606185,0.787,0.2037,0.835,FALSE,FALSE,FALSE,FALSE,2,8.2,"3","3","48.02 - 48.82","-122.77 - -122.29","Group 3
Lat: 48.02 - 48.82
Long: -122.77 - -122.29"
139,"Tulalip Bay",67,48.0617,-122.2939,4974611,6.443,0.1114,0.735,FALSE,FALSE,FALSE,FALSE,2,8.2,"3","3","48.02 - 48.82","-122.77 - -122.29","Group 3
Lat: 48.02 - 48.82
Long: -122.77 - -122.29"
140,"Tulalip Bay",67,48.0617,-122.2939,5640873,1.035,0.2144,1,FALSE,FALSE,FALSE,FALSE,2,8.2,"3","3","48.02 - 48.82","-122.77 - -122.29","Group 3
Lat: 48.02 - 48.82
Long: -122.77 - -122.29"
190,"Tulalip Reservation",70,48.0697859,-122.2997764,4215635,1.126,0.1737,0.845,FALSE,FALSE,FALSE,FALSE,1,8.2,"3","3","48.02 - 48.82","-122.77 - -122.29","Group 3
Lat: 48.02 - 48.82
Long: -122.77 - -122.29"
191,"Tulalip Reservation",70,48.0697859,-122.2997764,3759846,1.593,0.1871,0.82,FALSE,FALSE,FALSE,FALSE,1,8.2,"3","3","48.02 - 48.82","-122.77 - -122.29","Group 3
Lat: 48.02 - 48.82
Long: -122.77 - -122.29"
192,"Tulalip Reservation",70,48.0697859,-122.2997764,4597377,0.0025,0.151,0.83,FALSE,FALSE,FALSE,FALSE,1,8.2,"3","3","48.02 - 48.82","-122.77 - -122.29","Group 3
Lat: 48.02 - 48.82
Long: -122.77 - -122.29"
193,"Tulalip Reservation",70,48.0697859,-122.2997764,2521368,10.007,0.1604,0.64,FALSE,FALSE,FALSE,FALSE,1,8.2,"3","3","48.02 - 48.82","-122.77 - -122.29","Group 3
Lat: 48.02 - 48.82
Long: -122.77 - -122.29"
182,"West Bay Park",73,47.052362,-122.910912,7223931,2.621,0.1708,0.78,FALSE,FALSE,FALSE,FALSE,2,13,"4","4","47.05 - 47.57","-123 - -122.67","Group 4
Lat: 47.05 - 47.57
Long: -123 - -122.67"
183,"West Bay Park",73,47.052362,-122.910912,4047412,3.572,0.2197,0.66,FALSE,FALSE,FALSE,FALSE,2,13,"4","4","47.05 - 47.57","-123 - -122.67","Group 4
Lat: 47.05 - 47.57
Long: -123 - -122.67"
184,"West Bay Park",73,47.052362,-122.910912,7647788,5.789,0.201,0.845,FALSE,FALSE,FALSE,FALSE,2,13,"4","4","47.05 - 47.57","-123 - -122.67","Group 4
Lat: 47.05 - 47.57
Long: -123 - -122.67"
185,"West Bay Park",73,47.052362,-122.910912,4006818,0.0025,0.1386,0.805,FALSE,FALSE,FALSE,FALSE,2,13,"4","4","47.05 - 47.57","-123 - -122.67","Group 4
Lat: 47.05 - 47.57
Long: -123 - -122.67"
252,"Williams Olson Park",26,47.66586,-122.56698,5178253,0.0025,0.1876,0.575,FALSE,FALSE,FALSE,FALSE,2,10,"2","2","47.5 - 47.97","-122.83 - -122.23","Group 2
Lat: 47.5 - 47.97
Long: -122.83 - -122.23"
254,"Williams Olson Park",26,47.66586,-122.56698,1705387,3.468,0.1901,0.615,FALSE,FALSE,FALSE,FALSE,2,10,"2","2","47.5 - 47.97","-122.83 - -122.23","Group 2
Lat: 47.5 - 47.97
Long: -122.83 - -122.23"
255,"Williams Olson Park",26,47.66586,-122.56698,1267023,5.287,0.1388,0.785,FALSE,FALSE,FALSE,FALSE,2,10,"2","2","47.5 - 47.97","-122.83 - -122.23","Group 2
Lat: 47.5 - 47.97
Long: -122.83 - -122.23"
256,"Williams Olson Park",26,47.66586,-122.56698,3732773,17.073,0.1314,0.71,FALSE,FALSE,FALSE,FALSE,2,10,"2","2","47.5 - 47.97","-122.83 - -122.23","Group 2
Lat: 47.5 - 47.97
Long: -122.83 - -122.23"
