,,Measurements (mm),,,,,,,,,,,,,,,,,,,,,,
,,notch,top,opp. notch,bottom,,,,,,,,,,,,,,,,,,,
Individual ,Valve,1,2,3,4,Average/ valve,,,,,,,,,,,,,,,,,,
1,L,0.54,0.42,0.65,2.11,0.93,,,,,,,,,,,,,,,,,,
1,R,0.47,0.38,0.58,1.87,0.825,,,,,,,,,,,,,,,,,,
2,L,0.79,0.68,0.88,2.27,1.155,,,,,,,,,,,,,,,,,,
2,R,0.65,0.69,1,2.18,1.13,,,,,,,,,,,,,,,,,,
3,L,0.62,0.8,0.85,1.75,1.005,,,,,,,,,,,,,,,,,,
3,R,0.44,0.55,0.7,1.83,0.88,,,,,,,,,,,,,,,,,,
4,L,0.66,0.42,0.78,1.94,0.95,,,,,,,,,,,,,,,,,,
4,R,0.58,0.46,0.9,2.35,1.0725,,,,,,,,,,,,,,,,,,
5,L,0.55,1,0.58,1.68,0.9525,,,,,,,,,,,,,,,,,,
5,R,0.58,1.41,0.62,1.72,1.0825,,,,,,,,,,,,,,,,,,
6,L,0.58,0.69,0.66,2.33,1.065,,,,,,,,,,,,,,,,,,
6,R,0.52,0.64,0.68,2.39,1.0575,,,,,,,,,,,,,,,,,,
7,L,0.57,0.58,0.61,2.43,1.0475,,,,,,,,,,,,,,,,,,
7,R,0.49,0.46,0.55,2.44,0.985,,,,,,,,,,,,,,,,,,
8,L,0.6,0.78,0.57,2.13,1.02,,,,,,,,,,,,,,,,,,
8,R,0.49,0.59,0.47,2.26,0.9525,,,,,,,,,,,,,,,,,,
9,L,0.55,0.57,0.71,1.81,0.91,,,,,,,,,,,,,,,,,,
9,R,0.53,0.76,0.64,2.08,1.0025,,,,,,,,,,,,,,,,,,
10,L,0.45,0.56,0.64,1.49,0.785,,,,,,,,,,,,,,,,,,
10,R,0.55,0.41,0.51,1.84,0.8275,,,,,,,,,,,,,,,,,,
11,L,0.4,0.69,0.61,1.58,0.82,,,,,,,,,,,,,,,,,,
11,R,0.56,0.83,0.41,1.76,0.89,,,,,,,,,,,,,,,,,,
12,L,0.51,0.42,0.69,1.73,0.8375,,,,,,,,,,,,,,,,,,
12,R,0.4,0.38,0.54,1.81,0.7825,,,,,,,,,,,,,,,,,,
13,L,0.6,0.43,0.46,1.81,0.825,,,,,,,,,,,,,,,,,,
13,R,0.58,0.45,0.54,1.64,0.8025,,,,,,,,,,,,,,,,,,
14,L,0.59,0.63,0.67,1.76,0.9125,,,,,,,,,,,,,,,,,,
14,R,0.55,0.54,0.46,1.65,0.8,,,,,,,,,,,,,,,,,,
15,L,0.66,0.55,0.51,1.29,0.7525,,,,,,,,,,,,,,,,,,
15,R,0.52,0.57,0.49,1.64,0.805,,,,,,,,,,,,,,,,,,
16,L,0.47,0.44,0.28,1.51,0.675,,,,,,,,,,,,,,,,,,
16,R,0.43,0.5,0.31,1.61,0.7125,,,,,,,,,,,,,,,,,,
17,L,0.52,0.26,0.56,1.94,0.82,,,,,,,,,,,,,,,,,,
17,R,0.47,0.28,0.55,1.86,0.79,,,,,,,,,,,,,,,,,,
18,L,0.46,0.41,0.43,1.95,0.8125,,,,,,,,,,,,,,,,,,
18,R,0.44,0.34,0.47,2.14,0.8475,,,,,,,,,,,,,,,,,,
19,L,0.54,0.6,0.56,1.7,0.85,,,,,,,,,,,,,,,,,,
19,R,0.51,0.44,0.66,1.81,0.855,,,,,,,,,,,,,,,,,,
20,L,0.39,0.54,0.41,1.23,0.6425,,,,,,,,,,,,,,,,,,
20,R,0.33,0.59,0.53,1.38,0.7075,,,,,,,,,,,,,,,,,,
21,L,0.43,0.34,0.55,1.76,0.77,,,,,,,,,,,,,,,,,,
21,R,0.28,0.25,0.28,1.42,0.5575,,,,,,,,,,,,,,,,,,
22,L,0.48,0.64,0.49,1.73,0.835,,,,,,,,,,,,,,,,,,
22,R,0.74,0.73,0.54,1.69,0.925,,,,,,,,,,,,,,,,,,
23,L,0.59,0.63,0.59,1.33,0.785,,,,,,,,,,,,,,,,,,
23,R,0.36,0.58,0.86,1.94,0.935,,,,,,,,,,,,,,,,,,
24,L,0.47,0.32,0.37,1.01,0.5425,,,,,,,,,,,,,,,,,,
24,R,0.49,0.29,0.46,1.75,0.7475,,,,,,,,,,,,,,,,,,
25,L,0.64,0.68,0.67,1.72,0.9275,,,,,,,,,,,,,,,,,,
25,R,0.85,0.79,0.74,1.76,1.035,,,,,,,,,,,,,,,,,,
26,L,0.69,0.38,0.66,1.41,0.785,,,,,,,,,,,,,,,,,,
26,R,0.68,0.39,0.54,1.61,0.805,,,,,,,,,,,,,,,,,,
27,L,0.65,0.32,0.39,1,0.59,,,,,,,,,,,,,,,,,,
27,R,0.37,0.21,0.37,0.49,0.36,,,,,,,,,,,,,,,,,,
28,L,0.66,0.45,0.46,0.98,0.6375,,,,,,,,,,,,,,,,,,
28,R,0.6,0.58,0.5,0.97,0.6625,,,,,,,,,,,,,,,,,,
29,L,0.51,0.45,0.37,1.57,0.725,,,,,,,,,,,,,,,,,,
29,R,0.56,0.5,0.56,1.75,0.8425,,,,,,,,,,,,,,,,,,
30,L,0.24,0.26,0.48,1.61,0.6475,,,,,,,,,,,,,,,,,,
30,R,0.21,0.29,0.34,1.84,0.67,,,,,,,,,,,,,,,,,,
31,L,0.53,0.78,0.58,2.16,1.0125,,,,,,,,,,,,,,,,,,
31,R,0.68,0.83,0.52,2.26,1.0725,,,,,,,,,,,,,,,,,,
32,L,0.47,0.55,0.4,2.14,0.89,,,,,,,,,,,,,,,,,,
32,R,0.43,0.53,0.42,2.57,0.9875,,,,,,,,,,,,,,,,,,
33,L,0.42,0.51,0.52,1.34,0.6975,,,,,,,,,,,,,,,,,,
33,R,0.47,0.58,0.33,1.44,0.705,,,,,,,,,,,,,,,,,,
34,L,0.3,0.73,0.39,1.89,0.8275,,,,,,,,,,,,,,,,,,
34,R,0.23,0.59,0.54,2.19,0.8875,,,,,,,,,,,,,,,,,,
35,L,0.62,0.46,0.58,2.11,0.9425,,,,,,,,,,,,,,,,,,
35,R,0.58,0.39,0.53,2.21,0.9275,,,,,,,,,,,,,,,,,,
36,L,0.61,0.45,0.48,2.47,1.0025,,,,,,,,,,,,,,,,,,
36,R,0.54,0.39,0.56,2.32,0.9525,,,,,,,,,,,,,,,,,,
37,L,0.43,0.5,0.61,1.57,0.7775,,,,,,,,,,,,,,,,,,
37,R,0.55,0.38,0.41,1.1,0.61,,,,,,,,,,,,,,,,,,
38,L,0.27,0.4,0.29,2.16,0.78,,,,,,,,,,,,,,,,,,
38,R,0.2,0.44,0.41,2.22,0.8175,,,,,,,,,,,,,,,,,,
39,L,0.33,0.41,0.34,1.51,0.6475,,,,,,,,,,,,,,,,,,
39,R,0.31,0.4,0.59,1.39,0.6725,,,,,,,,,,,,,,,,,,
40,L,0.32,0.43,0.48,2.11,0.835,,,,,,,,,,,,,,,,,,
40,R,0.31,0.66,0.43,2.16,0.89,,,,,,,,,,,,,,,,,,
41,L,0.37,0.25,0.27,1.05,0.485,,,,,,,,,,,,,,,,,,
41,R,0.3,0.54,0.23,1.34,0.6025,,,,,,,,,,,,,,,,,,
42,L,0.38,0.35,0.36,1.36,0.6125,,,,,,,,,,,,,,,,,,
42,R,0.46,0.28,0.63,1.33,0.675,,,,,,,,,,,,,,,,,,
43,L,0.41,0.25,0.29,0.88,0.4575,,,,,,,,,,,,,,,,,,
43,R,0.5,0.35,0.38,1.71,0.735,,,,,,,,,,,,,,,,,,
44,L,0.38,0.39,0.65,1.03,0.6125,,,,,,,,,,,,,,,,,,
44,R,0.33,0.42,0.49,1.38,0.655,,,,,,,,,,,,,,,,,,
45,L,0.44,0.3,0.28,1.96,0.745,,,,,,,,,,,,,,,,,,
45,R,0.42,0.32,0.36,2.34,0.86,,,,,,,,,,,,,,,,,,
46,L,0.55,0.59,0.22,1.19,0.6375,,,,,,,,,,,,,,,,,,
46,R,0.26,0.68,0.24,1.46,0.66,,,,,,,,,,,,,,,,,,
47,L,0.3,0.19,0.59,1.35,0.6075,,,,,,,,,,,,,,,,,,
47,R,0.32,0.35,0.19,1.76,0.655,,,,,,,,,,,,,,,,,,
48,L,0.38,0.22,0.54,1.64,0.695,,,,,,,,,,,,,,,,,,
48,R,0.46,0.21,0.43,1.36,0.615,,,,,,,,,,,,,,,,,,
49,L,0.21,0.32,0.2,0.69,0.355,,,,,,,,,,,,,,,,,,
49,R,0.19,0.49,0.15,0.58,0.3525,,,,,,,,,,,,,,,,,,
50,L,0.24,0.18,0.21,1.05,0.42,,,,,,,,,,,,,,,,,,
50,R,0.27,0.19,0.24,0.86,0.39,,,,,,,,,,,,,,,,,,
51,L,0.24,0.35,0.27,0.95,0.4525,,,,,,,,,,,,,,,,,,
51,R,0.44,0.64,0.31,1.43,0.705,,,,,,,,,,,,,,,,,,
52,L,0.36,0.37,0.22,0.94,0.4725,,,,,,,,,,,,,,,,,,
52,R,0.6,0.33,0.36,0.97,0.565,,,,,,,,,,,,,,,,,,
69,L,0.48,0.47,0.45,2.02,0.855,,,,,,,,,,,,,,,,,,
69,R,0.48,0.57,0.46,2.15,0.915,,,,,,,,,,,,,,,,,,
70,L,0.29,0.27,0.34,1.37,0.5675,,,,,,,,,,,,,,,,,,
70,R,0.61,0.53,0.39,2.1,0.9075,,,,,,,,,,,,,,,,,,
71,L,0.37,0.17,0.51,1.21,0.565,,,,,,,,,,,,,,,,,,
71,R,0.6,0.2,0.54,31-Jan,0,,,,,,,,,,,,,,,,,,
72,L,0.35,0.71,0.61,2.09,0.94,,,,,,,,,,,,,,,,,,
72,R,0.39,0.64,0.37,2.31,0.9275,,,,,,,,,,,,,,,,,,
73,L,0.24,0.73,0.37,2.39,0.9325,,,,,,,,,,,,,,,,,,
73,R,0.3,0.58,0.64,2.26,0.945,,,,,,,,,,,,,,,,,,
74,L,0.7,0.42,0.79,2.51,1.105,,,,,,,,,,,,,,,,,,
74,R,0.86,0.53,0.97,2.76,1.28,,,,,,,,,,,,,,,,,,
75,L,0.39,0.31,0.47,1.6,0.6925,,,,,,,,,,,,,,,,,,
75,R,0.33,0.31,0.41,1.82,0.7175,,,,,,,,,,,,,,,,,,
76,L,0.44,0.11,0.71,2.12,0.845,,,,,,,,,,,,,,,,,,
76,R,0.54,0.18,0.37,2.13,0.805,,,,,,,,,,,,,,,,,,
77,L,0.7,0.72,0.53,1.7,0.9125,,,,,,,,,,,,,,,,,,
77,R,0.6,0.58,0.75,1.86,0.9475,,,,,,,,,,,,,,,,,,
78,L,0.44,0.55,0.34,1.52,0.7125,,,,,,,,,,,,,,,,,,
78,R,0.61,0.39,0.32,1.88,0.8,,,,,,,,,,,,,,,,,,
79,L,0.54,0.44,0.74,2.06,0.945,,,,,,,,,,,,,,,,,,
79,R,0.37,0.45,0.48,2.15,0.8625,,,,,,,,,,,,,,,,,,
80,L,0.69,0.25,0.64,1.87,0.8625,,,,,,,,,,,,,,,,,,
80,R,0.62,0.34,0.56,2.29,0.9525,,,,,,,,,,,,,,,,,,
81,L,0.31,0.78,0.47,1.43,0.7475,,,,,,,,,,,,,,,,,,
81,R,0.32,0.64,0.58,1.91,0.8625,,,,,,,,,,,,,,,,,,
82,L,0.28,0.1,0.19,0.96,0.3825,,,,,,,,,,,,,,,,,,
82,R,0.43,0.27,0.54,1.86,0.775,,,,,,,,,,,,,,,,,,
83,L,0.44,0.56,0.45,1.02,0.6175,,,,,,,,,,,,,,,,,,
83,R,0.36,0.32,0.16,1.59,0.6075,,,,,,,,,,,,,,,,,,
84,L,0.36,0.13,0.34,1.18,0.5025,,,,,,,,,,,,,,,,,,
84,R,0.26,0.09,0.35,1.64,0.585,,,,,,,,,,,,,,,,,,
85,L,0.18,0.12,0.14,0.94,0.345,,,,,,,,,,,,,,,,,,
85,R,0.27,0.13,0.15,1.65,0.55,,,,,,,,,,,,,,,,,,
86,L,0.32,0.29,0.33,2.08,0.755,,,,,,,,,,,,,,,,,,
86,R,0.28,0.17,0.28,1.09,0.455,,,,,,,,,,,,,,,,,,
87,L,0.32,0.27,0.35,1.42,0.59,,,,,,,,,,,,,,,,,,
87,R,0.44,0.3,0.39,1.64,0.6925,,,,,,,,,,,,,,,,,,
88,L,0.46,0.37,0.43,1.36,0.655,,,,,,,,,,,,,,,,,,
88,R,0.59,0.45,0.47,2.31,0.955,,,,,,,,,,,,,,,,,,
89,L,0.61,0.35,0.43,1.68,0.7675,,,,,,,,,,,,,,,,,,
89,R,0.511,0.28,0.4,2.11,0.82525,,,,,,,,,,,,,,,,,,
90,L,0.3,0.57,0.35,1.16,0.595,,,,,,,,,,,,,,,,,,
90,R,0.53,0.65,0.54,1.87,0.8975,,,,,,,,,,,,,,,,,,
91,L,0.49,0.62,0.39,1.18,0.67,,,,,,,,,,,,,,,,,,
91,R,0.43,0.65,0.37,1.74,0.7975,,,,,,,,,,,,,,,,,,
92,L,0.5,0.41,0.63,1.46,0.75,,,,,,,,,,,,,,,,,,
92,R,0.42,0.56,0.69,1.79,0.865,,,,,,,,,,,,,,,,,,
93,L,0.73,0.57,0.53,1.52,0.8375,,,,,,,,,,,,,,,,,,
93,R,0.68,0.55,0.33,1.84,0.85,,,,,,,,,,,,,,,,,,
94,L,0.46,0.23,0.37,1.05,0.5275,,,,,,,,,,,,,,,,,,
94,R,0.48,0.25,0.44,1.53,0.675,,,,,,,,,,,,,,,,,,
95,L,0.5,0.22,0.49,2.03,0.81,,,,,,,,,,,,,,,,,,
95,R,0.29,0.26,0.43,1.39,0.5925,,,,,,,,,,,,,,,,,,
96,L,0.33,0.49,0.56,0.93,0.5775,,,,,,,,,,,,,,,,,,
96,R,0.22,0.55,0.27,1.07,0.5275,,,,,,,,,,,,,,,,,,
97,L,0.31,0.4,0.56,1.13,0.6,,,,,,,,,,,,,,,,,,
97,R,0.3,0.19,0.48,1.64,0.6525,,,,,,,,,,,,,,,,,,
98,L,0.47,0.16,0.7,1.35,0.67,,,,,,,,,,,,,,,,,,
98,R,0.26,0.48,0.42,2.16,0.83,,,,,,,,,,,,,,,,,,
99,L,0.66,0.31,0.62,0.98,0.6425,,,,,,,,,,,,,,,,,,
99,R,0.79,0.22,0.33,2.12,0.865,,,,,,,,,,,,,,,,,,
100,L,0.29,0.27,0.47,1.55,0.645,,,,,,,,,,,,,,,,,,
100,R,0.6,0.52,0.56,2.3,0.995,,,,,,,,,,,,,,,,,,
101,L,0.5,0.34,0.5,1.43,0.6925,,,,,,,,,,,,,,,,,,
101,R,0.44,0.37,0.44,1.97,0.805,,,,,,,,,,,,,,,,,,
102,L,0.45,0.73,0.63,2.07,0.97,,,,,,,,,,,,,,,,,,
102,R,0.6,0.62,0.61,2.25,1.02,,,,,,,,,,,,,,,,,,
103,L,0.56,0.66,0.81,2.21,1.06,,,,,,,,,,,,,,,,,,
103,R,0.68,0.7,0.62,2.11,1.0275,,,,,,,,,,,,,,,,,,
104,L,0.19,0.4,0.26,1.3,0.5375,,,,,,,,,,,,,,,,,,
104,R,0.21,0.61,0.49,2.32,0.9075,,,,,,,,,,,,,,,,,,
105,L,0.4,0.3,0.62,1.3,0.655,,,,,,,,,,,,,,,,,,
105,R,0.41,0.11,0.27,2.07,0.715,,,,,,,,,,,,,,,,,,
106,L,0.33,0.94,0.22,1.49,0.745,,,,,,,,,,,,,,,,,,
106,R,0.24,0.4,0.45,1.93,0.755,,,,,,,,,,,,,,,,,,
107,L,0.21,0.13,0.3,1.46,0.525,,,,,,,,,,,,,,,,,,
107,R,0.33,0.24,0.22,1.7,0.6225,,,,,,,,,,,,,,,,,,
108,L,0.39,0.38,0.14,1.46,0.5925,,,,,,,,,,,,,,,,,,
108,R,0.19,0.23,0.49,1.75,0.665,,,,,,,,,,,,,,,,,,
109,L,0.31,0.44,0.2,1.38,0.5825,,,,,,,,,,,,,,,,,,
109,R,0.26,0.3,0.4,2.19,0.7875,,,,,,,,,,,,,,,,,,
110,L,0.29,0.27,0.39,1.8,0.6875,,,,,,,,,,,,,,,,,,
110,R,0.61,0.54,0.46,1.94,0.8875,,,,,,,,,,,,,,,,,,
111,L,0.41,0.39,0.57,1.49,0.715,,,,,,,,,,,,,,,,,,
111,R,0.48,0.36,0.49,2.1,0.8575,,,,,,,,,,,,,,,,,,
112,L,0.4,0.47,0.47,1.94,0.82,,,,,,,,,,,,,,,,,,
112,R,0.41,0.78,0.54,1.95,0.92,,,,,,,,,,,,,,,,,,
113,L,0.63,0.74,0.54,1.67,0.895,,,,,,,,,,,,,,,,,,
113,R,0.64,0.59,0.57,1.82,0.905,,,,,,,,,,,,,,,,,,
114,L,0.36,0.27,0.53,1.41,0.6425,,,,,,,,,,,,,,,,,,
114,R,0.27,0.31,0.36,1.56,0.625,,,,,,,,,,,,,,,,,,
115,L,0.63,0.36,0.56,2.05,0.9,,,,,,,,,,,,,,,,,,
115,R,0.49,0.52,0.71,2.13,0.9625,,,,,,,,,,,,,,,,,,
116,L,0.29,0.8,0.47,1.38,0.735,,,,,,,,,,,,,,,,,,
116,R,0.55,0.96,0.66,1.83,1,,,,,,,,,,,,,,,,,,
117,L,0.53,0.64,0.48,1.46,0.7775,,,,,,,,,,,,,,,,,,
117,R,0.65,0.69,0.58,2.12,1.01,,,,,,,,,,,,,,,,,,
118,L,0.56,0.53,0.88,1.34,0.8275,,,,,,,,,,,,,,,,,,
118,R,0.5,0.67,0.55,1.93,0.9125,,,,,,,,,,,,,,,,,,
119,L,0.64,0.75,0.56,1.59,0.885,,,,,,,,,,,,,,,,,,
119,R,0.55,0.59,0.64,1.77,0.8875,,,,,,,,,,,,,,,,,,
120,L,0.68,0.61,0.52,1.86,0.9175,,,,,,,,,,,,,,,,,,
120,R,0.71,0.6,0.29,2.11,0.9275,,,,,,,,,,,,,,,,,,
121,L,0.75,0.51,0.59,1.61,0.865,,,,,,,,,,,,,,,,,,
121,R,0.73,0.6,0.64,2.13,1.025,,,,,,,,,,,,,,,,,,
122,L,0.5,0.72,0.55,1.24,0.7525,,,,,,,,,,,,,,,,,,
122,R,0.61,0.73,0.43,2.03,0.95,,,,,,,,,,,,,,,,,,
123,L,0.68,0.86,0.93,1.29,0.94,,,,,,,,,,,,,,,,,,
123,R,0.58,0.71,0.98,1.43,0.925,,,,,,,,,,,,,,,,,,
124,L,0.51,0.42,0.55,1.23,0.6775,,,,,,,,,,,,,,,,,,
124,R,0.49,0.3,0.47,1.48,0.685,,,,,,,,,,,,,,,,,,
125,L,0.61,0.4,0.5,1.73,0.81,,,,,,,,,,,,,,,,,,
125,R,0.4,0.48,0.56,1.71,0.7875,,,,,,,,,,,,,,,,,,
126,L,0.57,0.74,0.57,1.37,0.8125,,,,,,,,,,,,,,,,,,
126,R,0.72,1.12,1.01,2.17,1.255,,,,,,,,,,,,,,,,,,
127,L,0.6,0.52,0.54,1.67,0.8325,,,,,,,,,,,,,,,,,,
127,R,0.7,0.73,0.59,1.75,0.9425,,,,,,,,,,,,,,,,,,
128,L,0.66,0.71,0.8,2.09,1.065,,,,,,,,,,,,,,,,,,
128,R,0.57,0.55,0.71,1.88,0.9275,,,,,,,,,,,,,,,,,,
129,L,0.79,0.53,0.67,2.29,1.07,,,,,,,,,,,,,,,,,,
129,R,0.59,0.98,0.49,2.28,1.085,,,,,,,,,,,,,,,,,,
130,L,0.78,0.6,0.82,2.69,1.2225,,,,,,,,,,,,,,,,,,
130,R,0.76,0.68,0.85,2.91,1.3,,,,,,,,,,,,,,,,,,
131,L,0.69,0.62,0.59,1.79,0.9225,,,,,,,,,,,,,,,,,,
131,R,0.66,0.55,0.59,1.62,0.855,,,,,,,,,,,,,,,,,,
132,L,0.45,0.61,0.69,1.71,0.865,,,,,,,,,,,,,,,,,,
132,R,0.41,0.61,0.51,1.74,0.8175,,,,,,,,,,,,,,,,,,
133,L,0.82,0.58,0.56,2.1,1.015,,,,,,,,,,,,,,,,,,
133,R,0.64,0.65,0.63,2.2,1.03,,,,,,,,,,,,,,,,,,
134,L,0.68,0.5,0.7,2.34,1.055,,,,,,,,,,,,,,,,,,
134,R,0.63,0.66,0.75,2.52,1.14,,,,,,,,,,,,,,,,,,
135,L,0.6,0.51,0.6,1.73,0.86,,,,,,,,,,,,,,,,,,
135,R,0.56,0.56,0.59,1.85,0.89,,,,,,,,,,,,,,,,,,
136,L,0.47,0.31,0.64,2.14,0.89,,,,,,,,,,,,,,,,,,
136,R,0.5,0.3,0.71,2.47,0.995,,,,,,,,,,,,,,,,,,
137,L,0.77,0.7,0.64,1.75,0.965,,,,,,,,,,,,,,,,,,
137,R,0.31,0.34,0.53,1.77,0.7375,,,,,,,,,,,,,,,,,,
138,L,0.43,0.53,0.63,1.97,0.89,,,,,,,,,,,,,,,,,,
138,R,0.47,0.21,0.52,1.92,0.78,,,,,,,,,,,,,,,,,,
139,L,0.54,0.28,0.49,1.26,0.6425,,,,,,,,,,,,,,,,,,
139,R,0.39,0.44,0.47,2.01,0.8275,,,,,,,,,,,,,,,,,,
140,L,0.43,0.47,0.64,2.34,0.97,,,,,,,,,,,,,,,,,,
140,R,0.49,0.58,0.58,2.46,1.0275,,,,,,,,,,,,,,,,,,
141,L,0.47,0.38,0.44,1.44,0.6825,,,,,,,,,,,,,,,,,,
141,R,0.41,0.61,0.61,1.6,0.8075,,,,,,,,,,,,,,,,,,
142,L,0.77,0.56,0.53,1.82,0.92,,,,,,,,,,,,,,,,,,
142,R,0.79,0.62,0.63,2.04,1.02,,,,,,,,,,,,,,,,,,
143,L,0.6,0.42,0.66,1.95,0.9075,,,,,,,,,,,,,,,,,,
143,R,0.54,0.66,0.69,1.67,0.89,,,,,,,,,,,,,,,,,,
144,L,0.57,0.56,0.45,1.73,0.8275,,,,,,,,,,,,,,,,,,
144,R,0.59,0.49,0.53,1.6,0.8025,,,,,,,,,,,,,,,,,,
145,L,0.5,0.19,0.42,1.95,0.765,,,,,,,,,,,,,,,,,,
145,R,0.54,0.24,0.47,2.09,0.835,,,,,,,,,,,,,,,,,,
146,L,0.51,0.41,0.51,1.91,0.835,,,,,,,,,,,,,,,,,,
146,R,0.59,0.4,0.52,2.16,0.9175,,,,,,,,,,,,,,,,,,
147,L,0.63,0.38,0.59,2.25,0.9625,,,,,,,,,,,,,,,,,,
147,R,0.53,0.52,0.61,2.17,0.9575,,,,,,,,,,,,,,,,,,
148,L,0.43,0.29,0.57,1.61,0.725,,,,,,,,,,,,,,,,,,
148,R,0.35,0.5,0.45,1.63,0.7325,,,,,,,,,,,,,,,,,,
149,L,0.42,0.46,0.38,2.23,0.8725,,,,,,,,,,,,,,,,,,
149,R,0.47,0.31,0.56,2.28,0.905,,,,,,,,,,,,,,,,,,
150,L,0.56,0.33,0.4,1.43,0.68,,,,,,,,,,,,,,,,,,
150,R,0.36,0.37,0.35,1.65,0.6825,,,,,,,,,,,,,,,,,,
151,L,0.73,0.62,0.84,2.11,1.075,,,,,,,,,,,,,,,,,,
151,R,0.64,0.76,0.74,2.12,1.065,,,,,,,,,,,,,,,,,,
152,L,0.63,0.24,0.38,1.59,0.71,,,,,,,,,,,,,,,,,,
152,R,0.39,0.64,0.31,1.49,0.7075,,,,,,,,,,,,,,,,,,
153,L,0.22,0.23,0.41,1.72,0.645,,,,,,,,,,,,,,,,,,
153,R,0.47,0.22,0.45,1.95,0.7725,,,,,,,,,,,,,,,,,,
154,L,0.4,0.27,0.5,1.87,0.76,,,,,,,,,,,,,,,,,,
154,R,0.29,0.37,0.48,2.1,0.81,,,,,,,,,,,,,,,,,,
155,L,0.3,0.17,0.31,1.7,0.62,,,,,,,,,,,,,,,,,,
155,R,0.47,0.43,0.6,1.79,0.8225,,,,,,,,,,,,,,,,,,
156,L,0.49,0.27,0.78,2.43,0.9925,,,,,,,,,,,,,,,,,,
156,R,0.53,0.32,0.56,2.66,1.0175,,,,,,,,,,,,,,,,,,
157,L,0.35,0.21,0.62,2.11,0.8225,,,,,,,,,,,,,,,,,,
157,R,0.36,0.27,0.34,2.29,0.815,,,,,,,,,,,,,,,,,,
158,L,0.54,0.53,0.54,2.31,0.98,,,,,,,,,,,,,,,,,,
158,R,0.46,0.46,0.6,2.2,0.93,,,,,,,,,,,,,,,,,,
159,L,0.48,0.41,0.43,1.64,0.74,,,,,,,,,,,,,,,,,,
159,R,0.52,0.45,0.46,1.62,0.7625,,,,,,,,,,,,,,,,,,
160,L,0.39,0.22,0.48,1.83,0.73,,,,,,,,,,,,,,,,,,
160,R,0.39,0.4,0.52,1.77,0.77,,,,,,,,,,,,,,,,,,
161,L,0.49,0.45,0.48,1.92,0.835,,,,,,,,,,,,,,,,,,
161,R,0.39,0.44,0.57,1.87,0.8175,,,,,,,,,,,,,,,,,,
162,L,0.31,0.51,0.49,1.72,0.7575,,,,,,,,,,,,,,,,,,
162,R,0.25,0.43,0.37,1.85,0.725,,,,,,,,,,,,,,,,,,
163,L,0.37,0.44,0.53,1.79,0.7825,,,,,,,,,,,,,,,,,,
163,R,0.41,0.36,0.54,2.01,0.83,,,,,,,,,,,,,,,,,,
164,L,0.38,0.42,0.54,1.57,0.7275,,,,,,,,,,,,,,,,,,
164,R,0.45,0.34,0.51,1.77,0.7675,,,,,,,,,,,,,,,,,,
165,L,0.58,0.39,0.5,2.09,0.89,,,,,,,,,,,,,,,,,,
165,R,0.36,0.8,0.41,1.88,0.8625,,,,,,,,,,,,,,,,,,
166,L,0.46,0.15,0.45,2,0.765,,,,,,,,,,,,,,,,,,
166,R,0.47,0.13,0.64,2.18,0.855,,,,,,,,,,,,,,,,,,
167,L,0.24,0.38,0.57,2.22,0.8525,,,,,,,,,,,,,,,,,,
167,R,0.29,0.27,0.47,2.33,0.84,,,,,,,,,,,,,,,,,,
168,L,0.54,0.24,0.55,2.43,0.94,,,,,,,,,,,,,,,,,,
168,R,0.45,0.2,0.3,2.28,0.8075,,,,,,,,,,,,,,,,,,
169,L,0.35,0.09,0.46,1.77,0.6675,,,,,,,,,,,,,,,,,,
169,R,0.3,0.11,0.46,2.13,0.75,,,,,,,,,,,,,,,,,,
170,L,0.16,0.2,0.61,2.56,0.8825,,,,,,,,,,,,,,,,,,
170,R,0.28,0.33,0.54,2.52,0.9175,,,,,,,,,,,,,,,,,,
171,L,0.33,0.46,0.55,2.06,0.85,,,,,,,,,,,,,,,,,,
171,R,0.37,0.39,0.42,2.07,0.8125,,,,,,,,,,,,,,,,,,
172,L,0.44,0.39,0.39,1.62,0.71,,,,,,,,,,,,,,,,,,
172,R,0.31,0.42,0.48,1.92,0.7825,,,,,,,,,,,,,,,,,,
173,L,0.33,0.2,0.34,1.99,0.715,,,,,,,,,,,,,,,,,,
173,R,0.23,0.24,0.38,2.37,0.805,,,,,,,,,,,,,,,,,,
174,L,0.29,0.34,0.53,2.12,0.82,,,,,,,,,,,,,,,,,,
174,R,0.26,0.26,0.37,2.18,0.7675,,,,,,,,,,,,,,,,,,
175,L,0.24,0.55,0.56,1.94,0.8225,,,,,,,,,,,,,,,,,,
175,R,0.24,0.52,0.48,1.99,0.8075,,,,,,,,,,,,,,,,,,
176,L,0.41,0.68,0.49,2.62,1.05,,,,,,,,,,,,,,,,,,
176,R,0.36,0.83,0.54,2.49,1.055,,,,,,,,,,,,,,,,,,
177,L,0.45,0.2,0.58,1.57,0.7,,,,,,,,,,,,,,,,,,
177,R,0.5,0.26,0.57,1.94,0.8175,,,,,,,,,,,,,,,,,,
178,L,0.34,0.46,0.79,2.13,0.93,,,,,,,,,,,,,,,,,,
178,R,0.66,0.42,0.62,2.16,0.965,,,,,,,,,,,,,,,,,,
179,L,0.57,0.17,0.68,3.24,1.165,,,,,,,,,,,,,,,,,,
179,R,0.58,0.41,0.52,2.55,1.015,,,,,,,,,,,,,,,,,,
180,L,0.47,0.21,0.51,2.16,0.8375,,,,,,,,,,,,,,,,,,
180,R,0.28,0.08,0.49,2.38,0.8075,,,,,,,,,,,,,,,,,,
181,L,0.41,0.27,0.47,1.89,0.76,,,,,,,,,,,,,,,,,,
181,R,0.4,0.47,0.51,1.98,0.84,,,,,,,,,,,,,,,,,,
182,L,0.23,0.45,0.54,1.89,0.7775,,,,,,,,,,,,,,,,,,
182,R,0.24,0.18,0.68,2.02,0.78,,,,,,,,,,,,,,,,,,
183,L,0.23,0.18,0.53,1.8,0.685,,,,,,,,,,,,,,,,,,
183,R,0.29,0.3,0.28,1.65,0.63,,,,,,,,,,,,,,,,,,
184,L,0.47,0.47,0.73,1.92,0.8975,,,,,,,,,,,,,,,,,,
184,R,0.47,0.11,0.62,1.97,0.7925,,,,,,,,,,,,,,,,,,
185,L,0.2,0.28,0.64,2.08,0.8,,,,,,,,,,,,,,,,,,
185,R,0.26,0.34,0.53,2.09,0.805,,,,,,,,,,,,,,,,,,
186,L,0.33,0.17,0.42,1.58,0.625,,,,,,,,,,,,,,,,,,
186,R,0.32,0.25,0.38,1.57,0.63,,,,,,,,,,,,,,,,,,
187,L,0.21,0.25,0.34,1.36,0.54,,,,,,,,,,,,,,,,,,
187,R,0.29,0.28,0.54,1.69,0.7,,,,,,,,,,,,,,,,,,
188,L,0.38,0.37,0.52,2.06,0.8325,,,,,,,,,,,,,,,,,,
188,R,0.47,0.31,0.5,2.07,0.8375,,,,,,,,,,,,,,,,,,
189,L,0.28,0.21,0.62,1.82,0.7325,,,,,,,,,,,,,,,,,,
189,R,0.29,0.3,0.42,2.01,0.755,,,,,,,,,,,,,,,,,,
190,L,0.55,0.54,0.85,1.6,0.885,,,,,,,,,,,,,,,,,,
190,R,0.22,0.29,0.63,2.06,0.8,,,,,,,,,,,,,,,,,,
191,L,0.3,0.2,0.61,1.57,0.67,,,,,,,,,,,,,,,,,,
191,R,0.33,0.39,0.88,2.28,0.97,,,,,,,,,,,,,,,,,,
192,L,0.46,0.68,0.47,1.25,0.715,,,,,,,,,,,,,,,,,,
192,R,0.73,0.76,0.57,1.68,0.935,,,,,,,,,,,,,,,,,,
193,L,0.34,0.18,0.55,1.14,0.5525,,,,,,,,,,,,,,,,,,
193,R,0.4,0.37,0.43,1.71,0.7275,,,,,,,,,,,,,,,,,,
194,L,0.51,0.48,0.79,1.57,0.8375,,,,,,,,,,,,,,,,,,
194,R,0.62,0.49,0.81,1.44,0.84,,,,,,,,,,,,,,,,,,
195,L,0.55,0.45,0.56,1.62,0.795,,,,,,,,,,,,,,,,,,
195,R,0.48,0.52,0.27,1.94,0.8025,,,,,,,,,,,,,,,,,,
196,L,0.39,0.64,0.66,1.35,0.76,,,,,,,,,,,,,,,,,,
196,R,0.49,0.79,0.52,1.72,0.88,,,,,,,,,,,,,,,,,,
197,L,0.79,0.52,0.58,1.44,0.8325,,,,,,,,,,,,,,,,,,
197,R,0.76,0.96,0.75,1.69,1.04,,,,,,,,,,,,,,,,,,
198,L,0.49,0.73,0.59,1.4,0.8025,,,,,,,,,,,,,,,,,,
198,R,0.48,0.47,0.62,2.01,0.895,,,,,,,,,,,,,,,,,,
199,L,0.68,0.63,0.6,1.43,0.835,,,,,,,,,,,,,,,,,,
199,R,0.82,0.56,0.81,2.09,1.07,,,,,,,,,,,,,,,,,,
200,L,0.53,0.36,0.78,1.82,0.8725,,,,,,,,,,,,,,,,,,
200,R,0.49,0.52,0.56,2.35,0.98,,,,,,,,,,,,,,,,,,
201,L,0.46,0.33,0.51,1.52,0.705,,,,,,,,,,,,,,,,,,
201,R,0.2,0.45,0.39,1.67,0.6775,,,,,,,,,,,,,,,,,,
202,L,0.53,0.39,0.88,1.55,0.8375,,,,,,,,,,,,,,,,,,
202,R,0.43,0.44,0.53,1.62,0.755,,,,,,,,,,,,,,,,,,
203,L,0.49,0.36,0.4,1.66,0.7275,,,,,,,,,,,,,,,,,,
203,R,0.29,0.29,0.37,1.46,0.6025,,,,,,,,,,,,,,,,,,
204,L,0.44,0.56,0.43,1.34,0.6925,,,,,,,,,,,,,,,,,,
204,R,0.3,0.52,0.62,1.67,0.7775,,,,,,,,,,,,,,,,,,
205,L,0.63,0.57,0.57,1.27,0.76,,,,,,,,,,,,,,,,,,
205,R,0.54,0.56,0.74,2.3,1.035,,,,,,,,,,,,,,,,,,
206,L,0.86,0.28,0.83,1.42,0.8475,,,,,,,,,,,,,,,,,,
206,R,0.53,0.39,0.81,1.96,0.9225,,,,,,,,,,,,,,,,,,
207,L,0.55,0.35,0.98,1.58,0.865,,,,,,,,,,,,,,,,,,
207,R,0.77,0.44,0.63,1.6,0.86,,,,,,,,,,,,,,,,,,
208,L,0.48,0.34,0.61,1.26,0.6725,,,,,,,,,,,,,,,,,,
208,R,0.56,0.33,0.45,1.37,0.6775,,,,,,,,,,,,,,,,,,
209,L,0.36,0.54,0.55,1.21,0.665,,,,,,,,,,,,,,,,,,
209,R,0.29,0.39,0.39,1.67,0.685,,,,,,,,,,,,,,,,,,
210,L,0.38,0.43,0.65,2.44,0.975,,,,,,,,,,,,,,,,,,
210,R,0.37,0.38,0.45,2.06,0.815,,,,,,,,,,,,,,,,,,
211,L,0.35,0.29,0.47,1.8,0.7275,,,,,,,,,,,,,,,,,,
211,R,0.32,0.52,0.65,1.91,0.85,,,,,,,,,,,,,,,,,,
212,L,0.63,0.35,0.71,1.62,0.8275,,,,,,,,,,,,,,,,,,
212,R,0.71,0.24,0.61,2.23,0.9475,,,,,,,,,,,,,,,,,,
213,L,0.24,0.26,0.56,1.85,0.7275,,,,,,,,,,,,,,,,,,
213,R,0.3,0.37,0.49,1.6,0.69,,,,,,,,,,,,,,,,,,
214,L,0.44,0.42,0.47,2.14,0.8675,,,,,,,,,,,,,,,,,,
214,R,0.42,0.58,0.55,2.6,1.0375,,,,,,,,,,,,,,,,,,
215,L,0.34,0.42,0.64,1.51,0.7275,,,,,,,,,,,,,,,,,,
215,R,0.29,0.31,0.59,1.69,0.72,,,,,,,,,,,,,,,,,,
216,L,0.22,0.43,0.36,1.39,0.6,,,,,,,,,,,,,,,,,,
216,R,0.23,0.28,0.3,1.6,0.6025,,,,,,,,,,,,,,,,,,
217,L,0.48,0.21,0.74,1.96,0.8475,,,,,,,,,,,,,,,,,,
217,R,0.59,0.39,0.64,2.02,0.91,,,,,,,,,,,,,,,,,,
218,L,0.24,0.31,0.43,1.31,0.5725,,,,,,,,,,,,,,,,,,
218,R,0.24,0.22,0.2,1.68,0.585,,,,,,,,,,,,,,,,,,
219,L,0.37,0.33,0.34,0.86,0.475,,,,,,,,,,,,,,,,,,
219,R,0.33,0.2,0.55,1.74,0.705,,,,,,,,,,,,,,,,,,
220,L,0.45,0.46,0.71,1.45,0.7675,,,,,,,,,,,,,,,,,,
220,R,0.48,0.48,0.61,1.8,0.8425,,,,,,,,,,,,,,,,,,
221,L,0.33,0.19,0.62,1.35,0.6225,,,,,,,,,,,,,,,,,,
221,R,0.4,0.32,0.36,1.52,0.65,,,,,,,,,,,,,,,,,,
222,L,0.61,0.59,0.51,1.3,0.7525,,,,,,,,,,,,,,,,,,
222,R,0.58,0.57,0.62,2.38,1.0375,,,,,,,,,,,,,,,,,,
223,L,0.21,0.31,0.53,1.28,0.5825,,,,,,,,,,,,,,,,,,
223,R,0.47,0.18,0.39,1.65,0.6725,,,,,,,,,,,,,,,,,,
224,L,0.42,0.61,0.73,1.09,0.7125,,,,,,,,,,,,,,,,,,
224,R,0.36,0.64,0.49,1.55,0.76,,,,,,,,,,,,,,,,,,
225,L,0.47,0.64,0.61,1.65,0.8425,,,,,,,,,,,,,,,,,,
225,R,0.46,0.59,0.44,1.92,0.8525,,,,,,,,,,,,,,,,,,
226,L,0.4,0.34,0.5,1.24,0.62,,,,,,,,,,,,,,,,,,
226,R,0.33,0.39,0.54,1.45,0.6775,,,,,,,,,,,,,,,,,,
227,L,0.36,0.73,0.69,1.46,0.81,,,,,,,,,,,,,,,,,,
227,R,0.44,1.09,0.55,1.75,0.9575,,,,,,,,,,,,,,,,,,
228,L,0.26,0.41,0.35,0.94,0.49,,,,,,,,,,,,,,,,,,
228,R,0.45,0.36,0.45,2.08,0.835,,,,,,,,,,,,,,,,,,
229,L,0.5,0.62,0.47,1.37,0.74,,,,,,,,,,,,,,,,,,
229,R,0.42,0.5,0.69,1.98,0.8975,,,,,,,,,,,,,,,,,,
230,L,0.46,0.54,0.64,1.46,0.775,,,,,,,,,,,,,,,,,,
230,R,N/A,N/A,N/A,N/A,0,,,,,,,,,,,,,,,,,,
231,L,0.64,0.5,0.79,2.01,0.985,,,,,,,,,,,,,,,,,,
231,R,0.35,0.49,0.67,2.22,0.9325,,,,,,,,,,,,,,,,,,
232,L,0.37,0.16,0.77,1.8,0.775,,,,,,,,,,,,,,,,,,
232,R,0.46,0.19,0.47,1.71,0.7075,,,,,,,,,,,,,,,,,,
233,L,0.31,0.26,0.59,2.39,0.8875,,,,,,,,,,,,,,,,,,
233,R,0.3,0.46,0.36,2.47,0.8975,,,,,,,,,,,,,,,,,,
234,L,0.27,0.15,0.57,1.61,0.65,,,,,,,,,,,,,,,,,,
234,R,0.38,0.59,0.33,1.59,0.7225,,,,,,,,,,,,,,,,,,
235,L,0.25,0.31,0.36,1.8,0.68,,,,,,,,,,,,,,,,,,
235,R,0.13,0.37,0.34,1.75,0.6475,,,,,,,,,,,,,,,,,,
236,L,0.35,0.21,0.34,1.4,0.575,,,,,,,,,,,,,,,,,,
236,R,0.32,0.27,0.34,1.53,0.615,,,,,,,,,,,,,,,,,,
237,L,0.47,0.32,0.65,1.88,0.83,,,,,,,,,,,,,,,,,,
237,R,0.41,0.44,0.47,1.31,0.6575,,,,,,,,,,,,,,,,,,
238,L,0.31,0.42,0.49,1.79,0.7525,,,,,,,,,,,,,,,,,,
238,R,0.3,0.41,0.27,1.93,0.7275,,,,,,,,,,,,,,,,,,
239,L,N/A(chipped off,0.54,0.37,1.66,0.6425,,,,,,,,,,,,,,,,,,
239,R,0.39,0.64,0.42,1.57,0.755,,,,,,,,,,,,,,,,,,
240,L,0.41,0.48,0.57,1.51,0.7425,,,,,,,,,,,,,,,,,,
240,R,0.55,0.51,0.49,1.82,0.8425,,,,,,,,,,,,,,,,,,
241,L,0.35,0.44,0.55,1.81,0.7875,,,,,,,,,,,,,,,,,,
241,R,0.45,0.41,0.52,2.07,0.8625,,,,,,,,,,,,,,,,,,
242,L,0.46,0.44,0.71,2.03,0.91,,,,,,,,,,,,,,,,,,
242,R,0.37,0.4,0.88,2.16,0.9525,,,,,,,,,,,,,,,,,,
243,L,0.4,0.3,0.39,0.89,0.495,,,,,,,,,,,,,,,,,,
243,R,0.38,0.1,0.48,1.41,0.5925,,,,,,,,,,,,,,,,,,
244,L,0.31,0.43,0.42,1.21,0.5925,,,,,,,,,,,,,,,,,,
244,R,0.46,0.66,0.35,1.28,0.6875,,,,,,,,,,,,,,,,,,
245,L,0.39,0.69,0.81,1.11,0.75,,,,,,,,,,,,,,,,,,
245,R,0.64,0.73,0.86,1.87,1.025,,,,,,,,,,,,,,,,,,
246,L,0.55,0.91,0.72,1.18,0.84,,,,,,,,,,,,,,,,,,
246,R,0.58,0.78,0.8,1.82,0.995,,,,,,,,,,,,,,,,,,
247,L,0.77,0.91,0.65,1.32,0.9125,,,,,,,,,,,,,,,,,,
247,R,0.78,0.89,0.5,2.12,1.0725,,,,,,,,,,,,,,,,,,
248,L,0.51,0.39,0.69,1.4,0.7475,,,,,,,,,,,,,,,,,,
248,R,0.43,0.47,0.49,2.18,0.8925,,,,,,,,,,,,,,,,,,
249,L,0.63,0.48,0.52,1.65,0.82,,,,,,,,,,,,,,,,,,
249,R,0.73,0.33,0.56,1.99,0.9025,,,,,,,,,,,,,,,,,,
250,L,0.27,0.43,0.71,1.58,0.7475,,,,,,,,,,,,,,,,,,
250,R,0.39,0.5,0.82,1.46,0.7925,,,,,,,,,,,,,,,,,,
251,L,0.32,0.49,0.44,1.41,0.665,,,,,,,,,,,,,,,,,,
251,R,0.34,0.41,0.43,1.65,0.7075,,,,,,,,,,,,,,,,,,
252,L,0.32,0.26,0.39,1.24,0.5525,,,,,,,,,,,,,,,,,,
252,R,0.31,0.15,0.39,1.56,0.6025,,,,,,,,,,,,,,,,,,
253,L,0.19,0.46,0.57,1.44,0.665,,,,,,,,,,,,,,,,,,
253,R,0.46,0.63,0.33,2.23,0.9125,,,,,,,,,,,,,,,,,,
254,L,0.27,0.39,0.27,1.08,0.5025,,,,,,,,,,,,,,,,,,
254,R,0.44,0.22,0.39,1.86,0.7275,,,,,,,,,,,,,,,,,,
255,L,0.54,0.39,0.59,1.52,0.76,,,,,,,,,,,,,,,,,,
255,R,0.56,0.3,0.43,1.93,0.805,,,,,,,,,,,,,,,,,,
256,L,0.36,0.58,0.5,1.23,0.6675,,,,,,,,,,,,,,,,,,
256,R,0.42,0.38,0.51,1.69,0.75,,,,,,,,,,,,,,,,,,
257,L,0.32,0.14,0.37,0.94,0.4425,,,,,,,,,,,,,,,,,,
257,R,0.2,0.16,0.26,1.52,0.535,,,,,,,,,,,,,,,,,,
258,L,0.4,0.41,0.38,1.32,0.6275,,,,,,,,,,,,,,,,,,
258,R,0.18,0.46,0.46,1.32,0.605,,,,,,,,,,,,,,,,,,
259,L,0.25,0.27,0.47,1.62,0.6525,,,,,,,,,,,,,,,,,,
259,R,0.18,0.24,0.33,1.38,0.5325,,,,,,,,,,,,,,,,,,
260,L,0.29,0.21,0.45,1.22,0.5425,,,,,,,,,,,,,,,,,,
260,R,0.34,0.22,0.42,1.13,0.5275,,,,,,,,,,,,,,,,,,
261,L,0.33,0.16,0.43,1.74,0.665,,,,,,,,,,,,,,,,,,
261,R,0.26,0.14,0.12,1.69,0.5525,,,,,,,,,,,,,,,,,,
262,L,0.24,0.12,0.21,1.6,0.5425,,,,,,,,,,,,,,,,,,
262,R,0.35,0.09,0.23,1.72,0.5975,,,,,,,,,,,,,,,,,,
263,L,0.21,0.21,0.27,1.66,0.5875,,,,,,,,,,,,,,,,,,
263,R,0.17,0.25,0.33,1.67,0.605,,,,,,,,,,,,,,,,,,
264,L,0.24,0.17,0.54,1.63,0.645,,,,,,,,,,,,,,,,,,
264,R,0.21,0.32,0.28,1.76,0.6425,,,,,,,,,,,,,,,,,,
265,L,0.16,0.1,0.36,1.96,0.645,,,,,,,,,,,,,,,,,,
265,R,0.12,0.28,0.43,2.61,0.86,,,,,,,,,,,,,,,,,,
266,L,0.17,0.16,0.54,1.7,0.6425,,,,,,,,,,,,,,,,,,
266,R,0.25,0.09,0.37,1.81,0.63,,,,,,,,,,,,,,,,,,
267,L,0.23,0.05,0.45,2.05,0.695,,,,,,,,,,,,,,,,,,
267,R,0.12,0.12,0.41,2.1,0.6875,,,,,,,,,,,,,,,,,,
268,L,0.25,0.41,0.54,2.19,0.8475,,,,,,,,,,,,,,,,,,
268,R,0.26,0.44,0.3,2.41,0.8525,,,,,,,,,,,,,,,,,,
269,L,0.2,0.11,0.34,1.86,0.6275,,,,,,,,,,,,,,,,,,
269,R,0.15,0.14,0.28,2.06,0.6575,,,,,,,,,,,,,,,,,,
270,L,0.21,0.07,0.36,1.75,0.5975,,,,,,,,,,,,,,,,,,
270,R,0.41,0.1,0.21,1.37,0.5225,,,,,,,,,,,,,,,,,,
271,L,0.28,0.23,0.44,2.32,0.8175,,,,,,,,,,,,,,,,,,
271,R,0.21,0.19,0.45,2.18,0.7575,,,,,,,,,,,,,,,,,,
272,L,0.38,0.19,0.38,1.63,0.645,,,,,,,,,,,,,,,,,,
272,R,0.28,0.16,0.49,1.73,0.665,,,,,,,,,,,,,,,,,,
273,L,0.4,0.29,0.26,1.62,0.6425,,,,,,,,,,,,,,,,,,
273,R,0.15,0.28,0.31,1.94,0.67,,,,,,,,,,,,,,,,,,
274,L,0.41,0.12,0.46,2.36,0.8375,,,,,,,,,,,,,,,,,,
274,R,0.24,0.55,0.54,2.09,0.855,,,,,,,,,,,,,,,,,,
275,L,0.3,0.2,0.55,2.25,0.825,,,,,,,,,,,,,,,,,,
275,R,0.35,0.16,0.38,1.92,0.7025,,,,,,,,,,,,,,,,,,
276,L,0.3,0.69,0.72,1.8,0.8775,,,,,,,,,,,,,,,,,,
276,R,0.33,0.24,0.46,1.93,0.74,,,,,,,,,,,,,,,,,,
277,L,0.29,0.64,0.35,1.55,0.7075,,,,,,,,,,,,,,,,,,
277,R,0.25,0.46,0.45,1.83,0.7475,,,,,,,,,,,,,,,,,,
278,L,0.32,0.42,0.44,1.72,0.725,,,,,,,,,,,,,,,,,,
278,R,0.28,0.45,0.56,1.91,0.8,,,,,,,,,,,,,,,,,,
279,L,0.6,0.55,0.47,2.13,0.9375,,,,,,,,,,,,,,,,,,
279,R,0.56,0.52,0.48,2.3,0.965,,,,,,,,,,,,,,,,,,
280,L,0.48,0.6,0.51,1.46,0.7625,,,,,,,,,,,,,,,,,,
280,R,0.53,0.57,0.49,1.78,0.8425,,,,,,,,,,,,,,,,,,
281,L,0.39,0.34,0.35,2.59,0.9175,,,,,,,,,,,,,,,,,,
281,R,0.33,0.24,0.59,2.52,0.92,,,,,,,,,,,,,,,,,,
282,L,0.52,0.43,0.83,2.18,0.99,,,,,,,,,,,,,,,,,,
282,R,0.38,0.33,0.71,2.35,0.9425,,,,,,,,,,,,,,,,,,
283,L,0.65,0.3,0.67,1.81,0.8575,,,,,,,,,,,,,,,,,,
283,R,0.45,0.28,0.77,1.92,0.855,,,,,,,,,,,,,,,,,,
284,L,0.31,0.45,0.63,2.22,0.9025,,,,,,,,,,,,,,,,,,
284,R,0.42,0.32,0.84,2.44,1.005,,,,,,,,,,,,,,,,,,
285,L,0.37,0.28,0.56,2.24,0.8625,,,,,,,,,,,,,,,,,,
285,R,0.23,0.29,0.52,2.52,0.89,,,,,,,,,,,,,,,,,,
286,L,0.37,0.32,0.38,1.44,0.6275,,,,,,,,,,,,,,,,,,
286,R,0.34,0.43,0.47,1.4,0.66,,,,,,,,,,,,,,,,,,
287,L,0.66,0.11,0.41,1.58,0.69,,,,,,,,,,,,,,,,,,
287,R,0.35,0.12,0.35,1.78,0.65,,,,,,,,,,,,,,,,,,
288,L,0.41,0.4,0.51,1.93,0.8125,,,,,,,,,,,,,,,,,,
288,R,0.4,0.26,0.52,1.95,0.7825,,,,,,,,,,,,,,,,,,
289,L,0.49,0.11,0.36,1.86,0.705,,,,,,,,,,,,,,,,,,
289,R,0.4,0.13,0.43,1.98,0.735,,,,,,,,,,,,,,,,,,
290,L,0.18,0.22,0.39,1.75,0.635,,,,,,,,,,,,,,,,,,
290,R,0.18,0.28,0.38,1.7,0.635,,,,,,,,,,,,,,,,,,
291,L,0.21,0.09,0.07,1.8,0.5425,,,,,,,,,,,,,,,,,,
291,R,0.25,0.09,0.21,1.78,0.5825,,,,,,,,,,,,,,,,,,
292,L,0.4,0.21,0.38,1.34,0.5825,,,,,,,,,,,,,,,,,,
292,R,0.3,0.13,0.32,1.54,0.5725,,,,,,,,,,,,,,,,,,
293,L,0.28,0.48,0.21,1.08,0.5125,,,,,,,,,,,,,,,,,,
293,R,0.28,0.32,0.2,1.26,0.515,,,,,,,,,,,,,,,,,,
294,L,0.25,0.16,0.33,1.35,0.5225,,,,,,,,,,,,,,,,,,
294,R,0.22,0.13,0.29,1.89,0.6325,,,,,,,,,,,,,,,,,,
295,L,0.36,0.17,0.54,1.52,0.6475,,,,,,,,,,,,,,,,,,
295,R,0.41,0.18,0.48,1.9,0.7425,,,,,,,,,,,,,,,,,,
296,L,0.24,0.1,0.46,1.64,0.61,,,,,,,,,,,,,,,,,,
296,R,0.3,0.04,0.36,1.63,0.5825,,,,,,,,,,,,,,,,,,
297,L,0.46,0.26,0.4,1.84,0.74,,,,,,,,,,,,,,,,,,
297,R,0.38,0.25,0.31,2.05,0.7475,,,,,,,,,,,,,,,,,,
298,L,0.41,0.39,0.42,1.55,0.6925,,,,,,,,,,,,,,,,,,
298,R,0.45,0.39,0.46,1.69,0.7475,,,,,,,,,,,,,,,,,,
299,L,0.29,0.19,0.32,1.71,0.6275,,,,,,,,,,,,,,,,,,
299,R,0.28,0.13,0.4,1.95,0.69,,,,,,,,,,,,,,,,,,
300,L,0.35,0.26,0.47,1.85,0.7325,,,,,,,,,,,,,,,,,,
300,R,0.44,0.38,0.44,1.83,0.7725,,,,,,,,,,,,,,,,,,
301,L,0.33,0.39,0.86,1.84,0.855,,,,,,,,,,,,,,,,,,
301,R,0.37,0.27,0.66,1.68,0.745,,,,,,,,,,,,,,,,,,
302,L,0.47,0.31,0.61,1.96,0.8375,,,,,,,,,,,,,,,,,,
302,R,0.26,0.35,0.45,1.87,0.7325,,,,,,,,,,,,,,,,,,
303,L,0.39,0.29,0.69,1.57,0.735,,,,,,,,,,,,,,,,,,
303,R,0.33,0.29,0.53,1.84,0.7475,,,,,,,,,,,,,,,,,,
304,L,0.24,0.2,0.59,1.7,0.6825,,,,,,,,,,,,,,,,,,
304,R,0.33,0.27,0.33,2.15,0.77,,,,,,,,,,,,,,,,,,
305,L,0.36,0.19,0.31,2.5,0.84,,,,,,,,,,,,,,,,,,
305,R,0.28,0.09,0.55,2.54,0.865,,,,,,,,,,,,,,,,,,
306,L,0.35,0.27,0.47,1.98,0.7675,,,,,,,,,,,,,,,,,,
306,R,0.29,0.2,0.31,2.09,0.7225,,,,,,,,,,,,,,,,,,
307,L,0.31,0.16,0.41,1.6,0.62,,,,,,,,,,,,,,,,,,
307,R,0.25,0.1,0.33,1.71,0.5975,,,,,,,,,,,,,,,,,,
308,L,0.35,0.18,0.36,1.87,0.69,,,,,,,,,,,,,,,,,,
308,R,0.33,0.29,0.47,1.8,0.7225,,,,,,,,,,,,,,,,,,
309,L,0.48,0.36,0.75,2.03,0.905,,,,,,,,,,,,,,,,,,
309,R,0.47,0.24,0.64,2.22,0.8925,,,,,,,,,,,,,,,,,,
310,L,0.35,0.53,0.31,1.54,0.6825,,,,,,,,,,,,,,,,,,
310,R,0.35,0.5,0.39,1.59,0.7075,,,,,,,,,,,,,,,,,,
311,L,0.32,0.15,0.29,1.79,0.6375,,,,,,,,,,,,,,,,,,
311,R,0.24,0.18,0.44,1.47,0.5825,,,,,,,,,,,,,,,,,,
312,L,0.4,0.16,0.5,1.75,0.7025,,,,,,,,,,,,,,,,,,
312,R,0.27,0.12,0.36,1.83,0.645,,,,,,,,,,,,,,,,,,
,,,,,,,,,,,,,,,,,,,,,,,,
,,,,,,,,,,,,,,,,,,,,,,,,
,,,,,,,,,,,,,,,,,,,,,,,,
,,,,,,,,,,,,,,,,,,,,,,,,
,,,,,,,,,,,,,,,,,,,,,,,,
,,,,,,,,,,,,,,,,,,,,,,,,
,,,,,,,,,,,,,,,,,,,,,,,,
,,,,,,,,,,,,,,,,,,,,,,,,
,,,,,,,,,,,,,,,,,,,,,,,,
,,,,,,,,,,,,,,,,,,,,,,,,
,,,,,,,,,,,,,,,,,,,,,,,,
,,,,,,,,,,,,,,,,,,,,,,,,
,,,,,,,,,,,,,,,,,,,,,,,,
,,,,,,,,,,,,,,,,,,,,,,,,
,,,,,,,,,,,,,,,,,,,,,,,,
,,,,,,,,,,,,,,,,,,,,,,,,
,,,,,,,,,,,,,,,,,,,,,,,,
,,,,,,,,,,,,,,,,,,,,,,,,
,,,,,,,,,,,,,,,,,,,,,,,,
,,,,,,,,,,,,,,,,,,,,,,,,
,,,,,,,,,,,,,,,,,,,,,,,,
,,,,,,,,,,,,,,,,,,,,,,,,
,,,,,,,,,,,,,,,,,,,,,,,,
,,,,,,,,,,,,,,,,,,,,,,,,
,,,,,,,,,,,,,,,,,,,,,,,,
,,,,,,,,,,,,,,,,,,,,,,,,
,,,,,,,,,,,,,,,,,,,,,,,,
,,,,,,,,,,,,,,,,,,,,,,,,
,,,,,,,,,,,,,,,,,,,,,,,,
,,,,,,,,,,,,,,,,,,,,,,,,
,,,,,,,,,,,,,,,,,,,,,,,,
,,,,,,,,,,,,,,,,,,,,,,,,
,,,,,,,,,,,,,,,,,,,,,,,,
,,,,,,,,,,,,,,,,,,,,,,,,
,,,,,,,,,,,,,,,,,,,,,,,,
,,,,,,,,,,,,,,,,,,,,,,,,
,,,,,,,,,,,,,,,,,,,,,,,,
,,,,,,,,,,,,,,,,,,,,,,,,
,,,,,,,,,,,,,,,,,,,,,,,,
,,,,,,,,,,,,,,,,,,,,,,,,
,,,,,,,,,,,,,,,,,,,,,,,,
,,,,,,,,,,,,,,,,,,,,,,,,
,,,,,,,,,,,,,,,,,,,,,,,,
,,,,,,,,,,,,,,,,,,,,,,,,
,,,,,,,,,,,,,,,,,,,,,,,,
,,,,,,,,,,,,,,,,,,,,,,,,
,,,,,,,,,,,,,,,,,,,,,,,,
,,,,,,,,,,,,,,,,,,,,,,,,
,,,,,,,,,,,,,,,,,,,,,,,,
,,,,,,,,,,,,,,,,,,,,,,,,
,,,,,,,,,,,,,,,,,,,,,,,,
,,,,,,,,,,,,,,,,,,,,,,,,
,,,,,,,,,,,,,,,,,,,,,,,,
,,,,,,,,,,,,,,,,,,,,,,,,
,,,,,,,,,,,,,,,,,,,,,,,,
,,,,,,,,,,,,,,,,,,,,,,,,
,,,,,,,,,,,,,,,,,,,,,,,,
,,,,,,,,,,,,,,,,,,,,,,,,
,,,,,,,,,,,,,,,,,,,,,,,,
,,,,,,,,,,,,,,,,,,,,,,,,
,,,,,,,,,,,,,,,,,,,,,,,,
,,,,,,,,,,,,,,,,,,,,,,,,
,,,,,,,,,,,,,,,,,,,,,,,,
,,,,,,,,,,,,,,,,,,,,,,,,
,,,,,,,,,,,,,,,,,,,,,,,,
,,,,,,,,,,,,,,,,,,,,,,,,
,,,,,,,,,,,,,,,,,,,,,,,,
,,,,,,,,,,,,,,,,,,,,,,,,
,,,,,,,,,,,,,,,,,,,,,,,,
,,,,,,,,,,,,,,,,,,,,,,,,
,,,,,,,,,,,,,,,,,,,,,,,,
,,,,,,,,,,,,,,,,,,,,,,,,
,,,,,,,,,,,,,,,,,,,,,,,,
,,,,,,,,,,,,,,,,,,,,,,,,
,,,,,,,,,,,,,,,,,,,,,,,,
,,,,,,,,,,,,,,,,,,,,,,,,
,,,,,,,,,,,,,,,,,,,,,,,,
,,,,,,,,,,,,,,,,,,,,,,,,
,,,,,,,,,,,,,,,,,,,,,,,,
,,,,,,,,,,,,,,,,,,,,,,,,
,,,,,,,,,,,,,,,,,,,,,,,,
,,,,,,,,,,,,,,,,,,,,,,,,
,,,,,,,,,,,,,,,,,,,,,,,,
,,,,,,,,,,,,,,,,,,,,,,,,
,,,,,,,,,,,,,,,,,,,,,,,,
,,,,,,,,,,,,,,,,,,,,,,,,
,,,,,,,,,,,,,,,,,,,,,,,,
,,,,,,,,,,,,,,,,,,,,,,,,
,,,,,,,,,,,,,,,,,,,,,,,,
,,,,,,,,,,,,,,,,,,,,,,,,
,,,,,,,,,,,,,,,,,,,,,,,,
,,,,,,,,,,,,,,,,,,,,,,,,
,,,,,,,,,,,,,,,,,,,,,,,,
,,,,,,,,,,,,,,,,,,,,,,,,
,,,,,,,,,,,,,,,,,,,,,,,,
,,,,,,,,,,,,,,,,,,,,,,,,
,,,,,,,,,,,,,,,,,,,,,,,,
,,,,,,,,,,,,,,,,,,,,,,,,
,,,,,,,,,,,,,,,,,,,,,,,,
,,,,,,,,,,,,,,,,,,,,,,,,
,,,,,,,,,,,,,,,,,,,,,,,,
,,,,,,,,,,,,,,,,,,,,,,,,
,,,,,,,,,,,,,,,,,,,,,,,,
,,,,,,,,,,,,,,,,,,,,,,,,
,,,,,,,,,,,,,,,,,,,,,,,,
,,,,,,,,,,,,,,,,,,,,,,,,
,,,,,,,,,,,,,,,,,,,,,,,,
,,,,,,,,,,,,,,,,,,,,,,,,
,,,,,,,,,,,,,,,,,,,,,,,,
,,,,,,,,,,,,,,,,,,,,,,,,
,,,,,,,,,,,,,,,,,,,,,,,,
,,,,,,,,,,,,,,,,,,,,,,,,
,,,,,,,,,,,,,,,,,,,,,,,,
,,,,,,,,,,,,,,,,,,,,,,,,
,,,,,,,,,,,,,,,,,,,,,,,,
,,,,,,,,,,,,,,,,,,,,,,,,
,,,,,,,,,,,,,,,,,,,,,,,,
,,,,,,,,,,,,,,,,,,,,,,,,
,,,,,,,,,,,,,,,,,,,,,,,,
,,,,,,,,,,,,,,,,,,,,,,,,
,,,,,,,,,,,,,,,,,,,,,,,,
,,,,,,,,,,,,,,,,,,,,,,,,
,,,,,,,,,,,,,,,,,,,,,,,,
,,,,,,,,,,,,,,,,,,,,,,,,
,,,,,,,,,,,,,,,,,,,,,,,,
,,,,,,,,,,,,,,,,,,,,,,,,
,,,,,,,,,,,,,,,,,,,,,,,,
,,,,,,,,,,,,,,,,,,,,,,,,
,,,,,,,,,,,,,,,,,,,,,,,,
,,,,,,,,,,,,,,,,,,,,,,,,
,,,,,,,,,,,,,,,,,,,,,,,,
,,,,,,,,,,,,,,,,,,,,,,,,
,,,,,,,,,,,,,,,,,,,,,,,,
,,,,,,,,,,,,,,,,,,,,,,,,
,,,,,,,,,,,,,,,,,,,,,,,,
,,,,,,,,,,,,,,,,,,,,,,,,
,,,,,,,,,,,,,,,,,,,,,,,,
,,,,,,,,,,,,,,,,,,,,,,,,
,,,,,,,,,,,,,,,,,,,,,,,,
,,,,,,,,,,,,,,,,,,,,,,,,
,,,,,,,,,,,,,,,,,,,,,,,,
,,,,,,,,,,,,,,,,,,,,,,,,
,,,,,,,,,,,,,,,,,,,,,,,,
,,,,,,,,,,,,,,,,,,,,,,,,
,,,,,,,,,,,,,,,,,,,,,,,,
,,,,,,,,,,,,,,,,,,,,,,,,
,,,,,,,,,,,,,,,,,,,,,,,,
,,,,,,,,,,,,,,,,,,,,,,,,
,,,,,,,,,,,,,,,,,,,,,,,,
,,,,,,,,,,,,,,,,,,,,,,,,
,,,,,,,,,,,,,,,,,,,,,,,,
,,,,,,,,,,,,,,,,,,,,,,,,
,,,,,,,,,,,,,,,,,,,,,,,,
,,,,,,,,,,,,,,,,,,,,,,,,
,,,,,,,,,,,,,,,,,,,,,,,,
,,,,,,,,,,,,,,,,,,,,,,,,
,,,,,,,,,,,,,,,,,,,,,,,,
,,,,,,,,,,,,,,,,,,,,,,,,
,,,,,,,,,,,,,,,,,,,,,,,,
,,,,,,,,,,,,,,,,,,,,,,,,
,,,,,,,,,,,,,,,,,,,,,,,,
,,,,,,,,,,,,,,,,,,,,,,,,
,,,,,,,,,,,,,,,,,,,,,,,,
,,,,,,,,,,,,,,,,,,,,,,,,
,,,,,,,,,,,,,,,,,,,,,,,,
,,,,,,,,,,,,,,,,,,,,,,,,
,,,,,,,,,,,,,,,,,,,,,,,,
,,,,,,,,,,,,,,,,,,,,,,,,
,,,,,,,,,,,,,,,,,,,,,,,,
,,,,,,,,,,,,,,,,,,,,,,,,
,,,,,,,,,,,,,,,,,,,,,,,,
,,,,,,,,,,,,,,,,,,,,,,,,
,,,,,,,,,,,,,,,,,,,,,,,,
,,,,,,,,,,,,,,,,,,,,,,,,
,,,,,,,,,,,,,,,,,,,,,,,,
,,,,,,,,,,,,,,,,,,,,,,,,
,,,,,,,,,,,,,,,,,,,,,,,,
,,,,,,,,,,,,,,,,,,,,,,,,
,,,,,,,,,,,,,,,,,,,,,,,,
,,,,,,,,,,,,,,,,,,,,,,,,
,,,,,,,,,,,,,,,,,,,,,,,,
,,,,,,,,,,,,,,,,,,,,,,,,
,,,,,,,,,,,,,,,,,,,,,,,,
,,,,,,,,,,,,,,,,,,,,,,,,
,,,,,,,,,,,,,,,,,,,,,,,,
,,,,,,,,,,,,,,,,,,,,,,,,
,,,,,,,,,,,,,,,,,,,,,,,,
,,,,,,,,,,,,,,,,,,,,,,,,
,,,,,,,,,,,,,,,,,,,,,,,,
,,,,,,,,,,,,,,,,,,,,,,,,
,,,,,,,,,,,,,,,,,,,,,,,,
,,,,,,,,,,,,,,,,,,,,,,,,
,,,,,,,,,,,,,,,,,,,,,,,,
,,,,,,,,,,,,,,,,,,,,,,,,
,,,,,,,,,,,,,,,,,,,,,,,,
,,,,,,,,,,,,,,,,,,,,,,,,
,,,,,,,,,,,,,,,,,,,,,,,,
,,,,,,,,,,,,,,,,,,,,,,,,
,,,,,,,,,,,,,,,,,,,,,,,,
,,,,,,,,,,,,,,,,,,,,,,,,
,,,,,,,,,,,,,,,,,,,,,,,,
,,,,,,,,,,,,,,,,,,,,,,,,
,,,,,,,,,,,,,,,,,,,,,,,,
,,,,,,,,,,,,,,,,,,,,,,,,
,,,,,,,,,,,,,,,,,,,,,,,,
,,,,,,,,,,,,,,,,,,,,,,,,
,,,,,,,,,,,,,,,,,,,,,,,,
,,,,,,,,,,,,,,,,,,,,,,,,
,,,,,,,,,,,,,,,,,,,,,,,,
,,,,,,,,,,,,,,,,,,,,,,,,
,,,,,,,,,,,,,,,,,,,,,,,,
,,,,,,,,,,,,,,,,,,,,,,,,
,,,,,,,,,,,,,,,,,,,,,,,,
,,,,,,,,,,,,,,,,,,,,,,,,
,,,,,,,,,,,,,,,,,,,,,,,,
,,,,,,,,,,,,,,,,,,,,,,,,
,,,,,,,,,,,,,,,,,,,,,,,,
,,,,,,,,,,,,,,,,,,,,,,,,
,,,,,,,,,,,,,,,,,,,,,,,,
,,,,,,,,,,,,,,,,,,,,,,,,
,,,,,,,,,,,,,,,,,,,,,,,,
,,,,,,,,,,,,,,,,,,,,,,,,
,,,,,,,,,,,,,,,,,,,,,,,,
,,,,,,,,,,,,,,,,,,,,,,,,
,,,,,,,,,,,,,,,,,,,,,,,,
,,,,,,,,,,,,,,,,,,,,,,,,
,,,,,,,,,,,,,,,,,,,,,,,,
,,,,,,,,,,,,,,,,,,,,,,,,
,,,,,,,,,,,,,,,,,,,,,,,,
,,,,,,,,,,,,,,,,,,,,,,,,
,,,,,,,,,,,,,,,,,,,,,,,,
,,,,,,,,,,,,,,,,,,,,,,,,
,,,,,,,,,,,,,,,,,,,,,,,,
,,,,,,,,,,,,,,,,,,,,,,,,
,,,,,,,,,,,,,,,,,,,,,,,,
,,,,,,,,,,,,,,,,,,,,,,,,
,,,,,,,,,,,,,,,,,,,,,,,,
,,,,,,,,,,,,,,,,,,,,,,,,
,,,,,,,,,,,,,,,,,,,,,,,,
,,,,,,,,,,,,,,,,,,,,,,,,
,,,,,,,,,,,,,,,,,,,,,,,,
,,,,,,,,,,,,,,,,,,,,,,,,
,,,,,,,,,,,,,,,,,,,,,,,,
,,,,,,,,,,,,,,,,,,,,,,,,
,,,,,,,,,,,,,,,,,,,,,,,,
,,,,,,,,,,,,,,,,,,,,,,,,
,,,,,,,,,,,,,,,,,,,,,,,,
,,,,,,,,,,,,,,,,,,,,,,,,
,,,,,,,,,,,,,,,,,,,,,,,,
,,,,,,,,,,,,,,,,,,,,,,,,
,,,,,,,,,,,,,,,,,,,,,,,,
,,,,,,,,,,,,,,,,,,,,,,,,
,,,,,,,,,,,,,,,,,,,,,,,,
,,,,,,,,,,,,,,,,,,,,,,,,
,,,,,,,,,,,,,,,,,,,,,,,,
,,,,,,,,,,,,,,,,,,,,,,,,
,,,,,,,,,,,,,,,,,,,,,,,,
,,,,,,,,,,,,,,,,,,,,,,,,
,,,,,,,,,,,,,,,,,,,,,,,,
,,,,,,,,,,,,,,,,,,,,,,,,
,,,,,,,,,,,,,,,,,,,,,,,,
,,,,,,,,,,,,,,,,,,,,,,,,
,,,,,,,,,,,,,,,,,,,,,,,,
,,,,,,,,,,,,,,,,,,,,,,,,
,,,,,,,,,,,,,,,,,,,,,,,,
,,,,,,,,,,,,,,,,,,,,,,,,
,,,,,,,,,,,,,,,,,,,,,,,,
,,,,,,,,,,,,,,,,,,,,,,,,
,,,,,,,,,,,,,,,,,,,,,,,,
,,,,,,,,,,,,,,,,,,,,,,,,
,,,,,,,,,,,,,,,,,,,,,,,,
,,,,,,,,,,,,,,,,,,,,,,,,
,,,,,,,,,,,,,,,,,,,,,,,,
,,,,,,,,,,,,,,,,,,,,,,,,
,,,,,,,,,,,,,,,,,,,,,,,,
,,,,,,,,,,,,,,,,,,,,,,,,
,,,,,,,,,,,,,,,,,,,,,,,,
,,,,,,,,,,,,,,,,,,,,,,,,
,,,,,,,,,,,,,,,,,,,,,,,,
,,,,,,,,,,,,,,,,,,,,,,,,
,,,,,,,,,,,,,,,,,,,,,,,,
,,,,,,,,,,,,,,,,,,,,,,,,
,,,,,,,,,,,,,,,,,,,,,,,,
,,,,,,,,,,,,,,,,,,,,,,,,
,,,,,,,,,,,,,,,,,,,,,,,,
,,,,,,,,,,,,,,,,,,,,,,,,
,,,,,,,,,,,,,,,,,,,,,,,,
,,,,,,,,,,,,,,,,,,,,,,,,
,,,,,,,,,,,,,,,,,,,,,,,,
,,,,,,,,,,,,,,,,,,,,,,,,
,,,,,,,,,,,,,,,,,,,,,,,,
,,,,,,,,,,,,,,,,,,,,,,,,
,,,,,,,,,,,,,,,,,,,,,,,,
,,,,,,,,,,,,,,,,,,,,,,,,
,,,,,,,,,,,,,,,,,,,,,,,,
,,,,,,,,,,,,,,,,,,,,,,,,
,,,,,,,,,,,,,,,,,,,,,,,,
,,,,,,,,,,,,,,,,,,,,,,,,
,,,,,,,,,,,,,,,,,,,,,,,,
,,,,,,,,,,,,,,,,,,,,,,,,
,,,,,,,,,,,,,,,,,,,,,,,,
,,,,,,,,,,,,,,,,,,,,,,,,
,,,,,,,,,,,,,,,,,,,,,,,,
,,,,,,,,,,,,,,,,,,,,,,,,
,,,,,,,,,,,,,,,,,,,,,,,,
,,,,,,,,,,,,,,,,,,,,,,,,
,,,,,,,,,,,,,,,,,,,,,,,,
,,,,,,,,,,,,,,,,,,,,,,,,
,,,,,,,,,,,,,,,,,,,,,,,,
,,,,,,,,,,,,,,,,,,,,,,,,
,,,,,,,,,,,,,,,,,,,,,,,,
,,,,,,,,,,,,,,,,,,,,,,,,
,,,,,,,,,,,,,,,,,,,,,,,,
,,,,,,,,,,,,,,,,,,,,,,,,
,,,,,,,,,,,,,,,,,,,,,,,,
,,,,,,,,,,,,,,,,,,,,,,,,
,,,,,,,,,,,,,,,,,,,,,,,,
,,,,,,,,,,,,,,,,,,,,,,,,
,,,,,,,,,,,,,,,,,,,,,,,,
,,,,,,,,,,,,,,,,,,,,,,,,
,,,,,,,,,,,,,,,,,,,,,,,,
,,,,,,,,,,,,,,,,,,,,,,,,
,,,,,,,,,,,,,,,,,,,,,,,,
,,,,,,,,,,,,,,,,,,,,,,,,
,,,,,,,,,,,,,,,,,,,,,,,,
,,,,,,,,,,,,,,,,,,,,,,,,
,,,,,,,,,,,,,,,,,,,,,,,,
,,,,,,,,,,,,,,,,,,,,,,,,
,,,,,,,,,,,,,,,,,,,,,,,,
,,,,,,,,,,,,,,,,,,,,,,,,
,,,,,,,,,,,,,,,,,,,,,,,,
,,,,,,,,,,,,,,,,,,,,,,,,
,,,,,,,,,,,,,,,,,,,,,,,,
,,,,,,,,,,,,,,,,,,,,,,,,
,,,,,,,,,,,,,,,,,,,,,,,,
,,,,,,,,,,,,,,,,,,,,,,,,
,,,,,,,,,,,,,,,,,,,,,,,,
,,,,,,,,,,,,,,,,,,,,,,,,
,,,,,,,,,,,,,,,,,,,,,,,,
,,,,,,,,,,,,,,,,,,,,,,,,
,,,,,,,,,,,,,,,,,,,,,,,,
,,,,,,,,,,,,,,,,,,,,,,,,
,,,,,,,,,,,,,,,,,,,,,,,,
,,,,,,,,,,,,,,,,,,,,,,,,
,,,,,,,,,,,,,,,,,,,,,,,,
,,,,,,,,,,,,,,,,,,,,,,,,
,,,,,,,,,,,,,,,,,,,,,,,,
,,,,,,,,,,,,,,,,,,,,,,,,
,,,,,,,,,,,,,,,,,,,,,,,,
,,,,,,,,,,,,,,,,,,,,,,,,
,,,,,,,,,,,,,,,,,,,,,,,,
,,,,,,,,,,,,,,,,,,,,,,,,
,,,,,,,,,,,,,,,,,,,,,,,,
,,,,,,,,,,,,,,,,,,,,,,,,
,,,,,,,,,,,,,,,,,,,,,,,,
,,,,,,,,,,,,,,,,,,,,,,,,
,,,,,,,,,,,,,,,,,,,,,,,,
,,,,,,,,,,,,,,,,,,,,,,,,
,,,,,,,,,,,,,,,,,,,,,,,,
,,,,,,,,,,,,,,,,,,,,,,,,
,,,,,,,,,,,,,,,,,,,,,,,,
,,,,,,,,,,,,,,,,,,,,,,,,
,,,,,,,,,,,,,,,,,,,,,,,,
,,,,,,,,,,,,,,,,,,,,,,,,
,,,,,,,,,,,,,,,,,,,,,,,,
,,,,,,,,,,,,,,,,,,,,,,,,
,,,,,,,,,,,,,,,,,,,,,,,,
,,,,,,,,,,,,,,,,,,,,,,,,
,,,,,,,,,,,,,,,,,,,,,,,,
,,,,,,,,,,,,,,,,,,,,,,,,
,,,,,,,,,,,,,,,,,,,,,,,,
,,,,,,,,,,,,,,,,,,,,,,,,
,,,,,,,,,,,,,,,,,,,,,,,,
,,,,,,,,,,,,,,,,,,,,,,,,
,,,,,,,,,,,,,,,,,,,,,,,,
,,,,,,,,,,,,,,,,,,,,,,,,
,,,,,,,,,,,,,,,,,,,,,,,,
,,,,,,,,,,,,,,,,,,,,,,,,
,,,,,,,,,,,,,,,,,,,,,,,,
,,,,,,,,,,,,,,,,,,,,,,,,
,,,,,,,,,,,,,,,,,,,,,,,,
,,,,,,,,,,,,,,,,,,,,,,,,
,,,,,,,,,,,,,,,,,,,,,,,,
,,,,,,,,,,,,,,,,,,,,,,,,
,,,,,,,,,,,,,,,,,,,,,,,,
,,,,,,,,,,,,,,,,,,,,,,,,
,,,,,,,,,,,,,,,,,,,,,,,,
,,,,,,,,,,,,,,,,,,,,,,,,
,,,,,,,,,,,,,,,,,,,,,,,,
,,,,,,,,,,,,,,,,,,,,,,,,
,,,,,,,,,,,,,,,,,,,,,,,,
,,,,,,,,,,,,,,,,,,,,,,,,
,,,,,,,,,,,,,,,,,,,,,,,,
,,,,,,,,,,,,,,,,,,,,,,,,
,,,,,,,,,,,,,,,,,,,,,,,,
,,,,,,,,,,,,,,,,,,,,,,,,
,,,,,,,,,,,,,,,,,,,,,,,,
,,,,,,,,,,,,,,,,,,,,,,,,
,,,,,,,,,,,,,,,,,,,,,,,,
,,,,,,,,,,,,,,,,,,,,,,,,
,,,,,,,,,,,,,,,,,,,,,,,,
,,,,,,,,,,,,,,,,,,,,,,,,
,,,,,,,,,,,,,,,,,,,,,,,,
,,,,,,,,,,,,,,,,,,,,,,,,
,,,,,,,,,,,,,,,,,,,,,,,,
,,,,,,,,,,,,,,,,,,,,,,,,
,,,,,,,,,,,,,,,,,,,,,,,,